"Track URI","Track Name","Artist Name(s)","Album Name","Album Release Date","Track Duration (ms)"
"spotify:track:2EqlS6tkEnglzr7tkKAAYD","Come Together - Remastered 2009","The Beatles","Abbey Road (Remastered 2009)","1969-09-26","259946"
"spotify:track:3ZZq9396zv8pcn5GYVhxUi","Down Under","Men At Work","Business As Usual","1981-11-09","222320"
"spotify:track:4VQu1ooCteGDynSZYUgvT4","Breakdown","Jack Johnson","In Between Dreams","2005-01-01","212706"
"spotify:track:6xzzm22bl8aHP3cdPPLIrO","They Do, They Don't","Jack Johnson","Sleep Through The Static","2008","250093"
"spotify:track:5xLfQuX5YAfog2JgPz0dpA","Moving in Stereo","The Cars","The Cars","1978-06-06","286106"
"spotify:track:4pjJh6hHzhY5KspUEZVCwU","Coleen","The Heavy, The Dap-Kings Horns","How You Like Me Now EP","2010-11-29","179847"
"spotify:track:2pTLOHpd2FpgLmAf2hirOM","Cheap Comments","Beatsteaks","Boombox+x","2011-11-11","197640"
"spotify:track:1Dhi8OBMSyukjUQ93uBfNz","Smooth Sailing","Queens of the Stone Age","...Like Clockwork","2013-06-03","291400"
"spotify:track:0wmaGiDKtKaRf7G8nBfNsQ","If I Had A Tail","Queens of the Stone Age","...Like Clockwork","2013-06-03","295586"
"spotify:track:6GyDY0yE47rfk8pcuKhioh","Make It Wit Chu","Queens of the Stone Age","Era Vulgaris","2007-01-01","290493"
"spotify:track:0M5xRyxGpFFDfzN2x0wdpH","Hey, Johnny Park!","Foo Fighters","The Colour And The Shape","1997-05-20","248266"
"spotify:track:7K4WbXLUhmJFi6PK3A7vLE","Santo Domingo","Jon Fratelli","Psycho Jukebox (Deluxe Edition)","2011-01-01","181546"
"spotify:track:2KKuntKwWf023Vn18pgKKi","Rhythm Doesn’t Make You A Dancer","Jon Fratelli","Psycho Jukebox (Deluxe Edition)","2011-01-01","195828"
"spotify:track:0RQX7oy3kfgbc36GKcQT0u","Behind The Sun - 2003 Digital Remaster","Red Hot Chili Peppers","The Uplift Mofo Party Plan","1987-09-29","280933"
"spotify:track:1zZvPumuScWPZKZOCC6yq0","Knock Me Down - Remastered 2003","Red Hot Chili Peppers","Mother's Milk","1989-08-16","223386"
"spotify:track:69h2mpzNUmdEg5egeNa1ki","Henrietta","The Fratellis","Costello Music","2006-01-01","212493"
"spotify:track:2yVBCbmPbgnvuJrVm5owdJ","A Heady Tale","The Fratellis","Here We Stand (other BPs international)","2008-01-01","292653"
"spotify:track:5B1rKd3tBqOkGlezjTkSvo","Doginabag","The Fratellis","Costello Music","2006-01-01","200893"
"spotify:track:2CNYns4imTBYe52m98xXqM","Rollover D.J.","Jet","Get Born","2003","196600"
"spotify:track:25bQlUokjsyZ91GvXtLrUb","Praise You","Fatboy Slim","Why Try Harder (The Greatest Hits)","2006-06-18","227973"
"spotify:track:0Ko737UNjXO17LK4Urdlwo","Fortunate Son","Creedence Clearwater Revival","More Creedence Gold","1973-01-01","138400"
"spotify:track:3J5i3EApagsnpUpR5dShXP","Shakin' All Over - Remixed Live At Leeds Version","The Who, Andy Macpherson, Jon Astley","Live At Leeds (25th Anniversary Edition)","1970-05-16","274466"
"spotify:track:2Uf9WTBWMA8S9Lh3k3Rui6","Ooh La","The Kooks","Inside In / Inside Out","2006-01-01","208973"
"spotify:track:3OYPskZPKnOcHZ9fUDwmCK","Everlasting Light","The Black Keys","Brothers (Deluxe Edition)","2010-10-18","204626"
"spotify:track:096rnp428bZTuaiKcl7bHM","She's Long Gone","The Black Keys","Brothers (Deluxe Edition)","2010-10-18","185973"
"spotify:track:3dOAXUx7I1qnzWzxdnsyB8","Lonely Boy","The Black Keys","Lonely Boy","2011-10-26","193653"
"spotify:track:0ij65mOHTwSkUGQvew3RHQ","Supersonic","Oasis","Stop The Clocks","2006-11-20","275146"
"spotify:track:0Gf4EJLIY5qNBWvhhiRVjc","A Bell Will Ring","Oasis","Don't Believe The Truth","2005-05-30","187640"
"spotify:track:6FBpIPlWYCQyXiJsmIDTOV","Some Might Say","Oasis","(What's the Story) Morning Glory?","1995-10-02","328533"
"spotify:track:3XxBSvDZKH5YvZZjTpn6eR","Red House","Jimi Hendrix","Are You Experienced","1967-05-12","230360"
"spotify:track:0NWPxcsf5vdjdiFUI8NgkP","Hey Joe","Jimi Hendrix","Are You Experienced","1967-05-12","210160"
"spotify:track:2D2k3oCAJapU6Nss8AvKbi","Bullet","Franz Ferdinand","Right Thoughts, Right Words, Right Action (Deluxe Edition)","2013-08-23","163400"
"spotify:track:6hI8yn7LUvjxiG3LTAxGoK","The Dark Of The Matinée","Franz Ferdinand","Franz Ferdinand","2004-02-16","243466"
"spotify:track:0ancVQ9wEcHVd0RrGICTE4","Take Me Out","Franz Ferdinand","Franz Ferdinand","2004-02-16","237026"
"spotify:track:0UEMTz9APWfoJHdlXDeIzm","First It Giveth","Queens of the Stone Age","Songs For The Deaf","2002-01-01","198386"
"spotify:track:6gVtsx3F2xkfOAZDIM7rkt","Suffocation Blues","Black Pistol Fire","Black Pistol Fire","2011-02-15","161000"
"spotify:track:7w87IxuO7BDcJ3YUqCyMTT","Pumped Up Kicks","Foster The People","Torches","2011-05-23","239600"
"spotify:track:4u2KDCwcj8WGcFXDhy1aKL","The World (Is Going Up In Flames)","Charles Bradley, Menahan Street Band","No Time For Dreaming","2011","202492"
"spotify:track:46iI0binWzpkEJgIWTYUBR","Gold on the Ceiling","The Black Keys","Gold on the Ceiling","2012-01-24","224333"
"spotify:track:45u89A07YEku6NRlwyvkLJ","Default","Django Django","Default","2011","187480"
"spotify:track:1TbT66Q7xinBmflin3MabA","Life's a Beach","Django Django","Django Django","2012-01-23","185613"
"spotify:track:5vefQfYc9Oxn8VHfgUCi1q","Fake Tales Of San Francisco","Arctic Monkeys","Whatever People Say I Am, That's What I'm Not","2006","177946"
"spotify:track:3aVI3saUDDHJH6bpHlQEHK","Everything Is Average Nowadays","Kaiser Chiefs","Yours Truly, Angry Mob","2007-01-01","162826"
"spotify:track:4jmwrforqDiwPyUkbegXHZ","The Fallen","Franz Ferdinand","You Could Have It So Much Better","2005-10-03","222400"
"spotify:track:14UCEsT0Ix675k74nVkTjP","My Friend John","The Fratellis","Here We Stand (other BPs international)","2008-01-01","182373"
"spotify:track:3gYr4NDoTEOUsHzxfttYPK","Perhaps Vampires Is A Bit Strong But…","Arctic Monkeys","Whatever People Say I Am, That's What I'm Not","2006","268626"
"spotify:track:0S7zL7ae0KpOSPKeFQpHo8","I Bet You Look Good On The Dancefloor","Arctic Monkeys","Whatever People Say I Am, That's What I'm Not","2006","173680"
"spotify:track:5BncQXZqKNmcoy6TRN0IYi","Dance With Somebody - Radio Version","Mando Diao","Dance With Somebody","2009-01-01","241520"
"spotify:track:0eL1EhzXtvvDK7ARWGewcz","Maybe Just Sad","Mando Diao","Give Me Fire (International Version)","2009-01-01","245426"
"spotify:track:3IvDaYoQU38NpkwJcq5UrO","Electricityscape","The Strokes","First Impressions Of Earth","2005-12-22","213200"
"spotify:track:7kzKAuUzOITUauHAhoMoxA","Last Nite","The Strokes","Is This It","2001-07-30","193506"
"spotify:track:0Nk7bSn0MItonkR0GNs3mj","The Walker","Fitz and The Tantrums","More Than Just a Dream (Deluxe Edition)","2013-05-07","233133"
"spotify:track:5BJSZocnCeSNeYMj3iVqM7","Love Runs Out","OneRepublic","Native","2014-01-01","224226"
"spotify:track:1vxw6aYJls2oq3gW0DujAo","Crazy","Gnarls Barkley, CeeLo Green, Danger Mouse","St. Elsewhere","2007-12-01","177933"
"spotify:track:2pZR4kB79znIpq1q0SqwLU","Back from Cali (feat. Myles Kennedy)","Slash, Myles Kennedy","Slash (Special Edition)","2010-05-07","215426"
"spotify:track:0XyojWImsCdiJdtBMV7LZW","Promise (feat. Chris Cornell)","Slash, Chris Cornell","Slash (Special Edition)","2010-05-07","281560"
"spotify:track:7kF1iPJTj3VFJX9XokQ80F","Slither","Velvet Revolver","Contraband","2004","248306"
"spotify:track:2amzrvbxYiq8AxGntIiw5V","Fall to Pieces","Velvet Revolver","Contraband","2004","271240"
"spotify:track:5wHNRDvNDTvAvNUllq5v7R","Little Sister","Queens of the Stone Age","Lullabies To Paralyze (International Version)","2005-01-01","174026"
"spotify:track:5iQm5GzKMIEZoF77KjMgoX","Medication","Queens of the Stone Age","Lullabies To Paralyze (International Version)","2005-01-01","114386"
"spotify:track:6y20BV5L33R8YXM0YuI38N","No One Knows","Queens of the Stone Age","Songs For The Deaf","2002-01-01","278746"
"spotify:track:3zIrLEU2Q7UuKJb4hODlFD","God Is In The Radio","Queens of the Stone Age","Songs For The Deaf","2002-01-01","364906"
"spotify:track:6UvZ1XimCap0SJyErd8zmW","Take Me To Church","Hozier","Take Me To Church","2014-01-01","242477"
"spotify:track:2ixsaeFioXJmMgkkbd4uj1","Budapest","George Ezra","Wanted on Voyage (Expanded Edition)","2014-06-30","200573"
"spotify:track:1sBfyE1iF7RP3LTc0zUTdp","Black Hole Sun","Soundgarden","Telephantasm","2010-09-28","317693"
"spotify:track:6bcNrwVlOFGoVX4WxXNYaa","Soldier Machismo","Fiction Plane","Everything Will Never Be OK","2003-01-01","159106"
"spotify:track:7yq4Qj7cqayVTp3FF9CWbm","Riptide","Vance Joy","Dream Your Life Away","2014-09-08","204280"
"spotify:track:1INksmStBpxdNlBzwGUvsg","Out of the Black","Royal Blood","Royal Blood","2014-08-18","240572"
"spotify:track:1e7e2xXFZexK6HnD0Vg4mF","Raspberries","The Birds of Satan","The Birds of Satan","2014-04-15","245400"
"spotify:track:4B4pYgE7T33g2XV1ggSfe9","Pieces of the Puzzle","The Birds of Satan","The Birds of Satan","2014-04-15","282931"
"spotify:track:0LiSSTgysOjNcmpSUImimS","You Can Be So Cruel","Royal Blood","Royal Blood","2014-08-18","164472"
"spotify:track:6CGXTNx0MsvLGAxU7gSHRe","Sterrenstof","De Jeugd Van Tegenwoordig","Sterrenstof","2010-01-01","220946"
"spotify:track:4juq76lIar8YWOLpYMXUAG","Joker And The Thief","Wolfmother","Wolfmother","2006-01-01","280466"
"spotify:track:54ix2V2omFv9UUiMks7Fhf","Woman","Wolfmother","Wolfmother","2006-01-01","176306"
"spotify:track:02WOvc9zV7ycxLJVFZ72HJ","Rocket Man (I Think It's Going To Be A Long Long Time) - Surround Sound","Elton John","Cool - Legends","2009-01-01","284053"
"spotify:track:636fUWy0FBEJYZuxXzl7XB","Yeah Yeah","Sam Means","Yeah Yeah","2014-02-14","123546"
"spotify:track:5fpEDGQX0Ah3utGnFYulQZ","Keep Your Head Up","Ben Howard","Every Kingdom","2011-01-01","264546"
"spotify:track:6B9RoF4fP4w9iD7zbHxv08","Don't Let the Man Get You Down","Fatboy Slim","Why Try Harder (The Greatest Hits)","2006-06-18","198106"
"spotify:track:0ER50Pk7HdWCvY77BRLMXD","The Joker","Fatboy Slim","The Joker","2005-07-13","321746"
"spotify:track:7rNzap95cCcOafjFtofpBk","Break On Through [To The Other Side] - New Stereo Mix Advanced Resolution","The Doors","The Doors [40th Anniversary Mixes]","1967-01-04","146000"
"spotify:track:1sFx6zGOMmrDcRgGPAgW4n","Rain","The Cult","Pure Cult","2000-06-05","236466"
"spotify:track:0kNeR7Qftb3etBYQW7xtWu","I Got Mine","The Black Keys","Attack And Release","2008-04-01","239146"
"spotify:track:5NIyDZfdnMGRXnwbX2kwA4","Starz In Their Eyes","Just Jack","Starz In Their Eyes","2007","295586"
"spotify:track:2O2ii9OPZYh1NBXo9FtE0Y","Check My Brain","Alice In Chains","Black Gives Way To Blue","2009-01-01","237906"
"spotify:track:2lmQ1OrJaohLnfQy2Rp3rf","Eyes Of Mermaide","The Black Hollies","Crimson Reflections","2006","256680"
"spotify:track:3vI5AzbPh1HFDdGs1dDQeR","She Moves","Alle Farben, Graham Candy","She Moves","2014-05-19","192613"
"spotify:track:2f4XPjWfe6J4bEArfhWcLf","Sympathy For The Devil - Neptunes Full Length Remix","The Rolling Stones, The Neptunes","Singles 1968-1971 (International Version)","2005-02-28","352546"
"spotify:track:6pvWan5WFd6pyXTn4cJjeo","Paint It Black - Mono Version","The Rolling Stones","Singles Collection: The London Years","1989-08-15","224093"
"spotify:track:215eJ9RXX3GcmYtRO3gvFB","No You Girls","Franz Ferdinand","Tonight","2009-01-27","221786"
"spotify:track:5xoUgPXbMNUmoHU0Enwtwq","She Moves In Her Own Way","The Kooks","Inside In / Inside Out","2006-01-01","169306"
"spotify:track:0dt2bECwIUEzWppQLeUqG6","Tokyo (Vampires & Wolves)","The Wombats","The Wombats Proudly Present... This Modern Glitch (10th Anniversary Edition)","2011","225526"
"spotify:track:1LggghHQU8QOOC2AQ4WbWO","Around The Bend","The Asteroids Galaxy Tour","Around The Bend - Ep","2008-11-03","229112"
"spotify:track:1qkzRGsiP90ZMjz8Bs97eg","Peaks and Troughs","We Were Promised Jetpacks","Unravelling","2014-10-14","231086"
"spotify:track:5ePZXVL5lzMAAQ8AVdIFx4","Treason! Animals.","Franz Ferdinand","Right Thoughts, Right Words, Right Action (Deluxe Edition)","2013-08-23","247453"
"spotify:track:3gBJSpdYAam0wp5BuNX8ld","Can't Stop Feeling","Franz Ferdinand","Tonight","2009-01-27","182720"
"spotify:track:7v9Ne4758aGFfFc5avh89h","Let's Dance to Joy Division","The Wombats","Proudly Present... A Guide to Love, Loss & Desperation","2007-11-05","191293"
"spotify:track:3wf3jWAQHsnPNfUtNSQvkz","Gotta Get Away","The Black Keys","Gotta Get Away","2014-08-19","180173"
"spotify:track:1O8d2pWtBclzuY3FctBPVa","Closer","Kings of Leon","Only By The Night","2008-09-23","237480"
"spotify:track:3iKmdCDZK4XmqxIA9fVVGs","Beautiful War","Kings of Leon","Mechanical Bull (Expanded Edition)","2013-09-24","309916"
"spotify:track:2bcC9Xyi40wnI7Od5uch31","Iron Sky","Paolo Nutini","Caustic Love","2014-04-07","373133"
"spotify:track:28esDV44p70LGwdPKxGZZ1","These Streets","Paolo Nutini","These Streets","2007-01-30","233480"
"spotify:track:3x3zdepy3au5Uo81WIA9MG","The Will To Death","John Frusciante","The Will To Death","2004-06-22","228426"
"spotify:track:5GimvEvdPBdV415Zma5ZWo","First Light","Django Django","First Light","2015-01-12","288814"
"spotify:track:5JnK4kM4w9NVXd9XW8JH8X","Hail Bop","Django Django","Django Django","2012-01-23","243693"
"spotify:track:4toSP60xmDNCFuXly8ywNZ","Karma Police","Radiohead","OK Computer","1997-05-21","264066"
"spotify:track:6gP9gjBR6KQ4T2pw9CLtkj","Fitzpleasure","alt-J","An Awesome Wave (Deluxe Version)","2012-10-22","219386"
"spotify:track:1QXzQKmQiDOzGHwSXVdHTp","Tessellate","alt-J","An Awesome Wave (Deluxe Version)","2012-10-22","182666"
"spotify:track:2aibwv5hGXSgw7Yru8IYTO","Snow (Hey Oh)","Red Hot Chili Peppers","Stadium Arcadium","2006-05-09","334666"
"spotify:track:3XLJoMMM0oRHD4gHq6jV9Z","Throw Away Your Television","Red Hot Chili Peppers","By the Way (Deluxe Edition)","2002-07-09","224760"
"spotify:track:3ZOEytgrvLwQaqXreDs2Jx","Can't Stop","Red Hot Chili Peppers","By the Way (Deluxe Edition)","2002-07-09","269000"
"spotify:track:64BbK9SFKH2jk86U3dGj2P","Otherside","Red Hot Chili Peppers","Californication (Deluxe Edition)","1999-06-08","255373"
"spotify:track:0SR9FSFsujlPLWUexiY6v1","Every Girl","Allah-Las","Had It All","2014-01-24","205093"
"spotify:track:265Anh9hGoozFigjUVLUeD","New Shoes","Paolo Nutini","These Streets","2007-01-30","203653"
"spotify:track:7BHPGtpuuWWsvE7cCaMuEU","Naive","The Kooks","Inside In / Inside Out","2006-01-01","203506"
"spotify:track:6xM8oBy40nK1rOd8WmoOPx","Last Request","Paolo Nutini","These Streets","2007-01-30","220413"
"spotify:track:3G3GZnfjmypPEdkItAofp8","Jenny Don't Be Hasty","Paolo Nutini","These Streets","2007-01-30","207133"
"spotify:track:3SOYvrYaTvK803DD6saJ7H","Fashion (feat. Janelle Monáe)","Paolo Nutini, Janelle Monáe","Caustic Love","2014-04-07","186213"
"spotify:track:3zEQXIH11FHiZ9KGIgm95Z","Ragoo","Kings of Leon","Because Of The Times","2007-04-03","181133"
"spotify:track:75D3n6wnFQmu1HVmLAlWM4","I Predict A Riot","Kaiser Chiefs","Employment","2005","233186"
"spotify:track:4nJCW7t71tpGZhx2SXM7DP","Little Shocks","Kaiser Chiefs","The Future Is Medieval","2011-01-01","221960"
"spotify:track:733B0LiWp2HQjgVZCqxngD","Love's Not A Competition (But I'm Winning)","Kaiser Chiefs","Yours Truly, Angry Mob","2007-01-01","195733"
"spotify:track:0NrXd3e8BRWhpyy9nsDQLF","Modern Way","Kaiser Chiefs","Employment","2005","243626"
"spotify:track:7jA4agDnt1Oc6Fn2hifX0t","Bohemian Like You","The Dandy Warhols","Alternative","2008-04-28","208906"
"spotify:track:4A2VE70wXX5lJvHiZB92ex","Shine On","The Kooks","Konk","2008-01-01","194240"
"spotify:track:6ZygaqgtPkiahkiYJhYWhn","Seaside","The Kooks","Inside In / Inside Out","2006-01-01","99226"
"spotify:track:1H6ir8HZm9lMMawxyAN7oc","Sway","The Kooks","Sway","2008-01-01","216921"
"spotify:track:03TeTu1DYpCPinVdUZ1P0D","Always Where I Need To Be","The Kooks","Always Where I Need To Be","2008-01-01","160946"
"spotify:track:2gWRfR9ZCh5hbnHOiPYmqN","Stormy Weather","The Kooks","Konk","2008-01-01","241840"
"spotify:track:2dRJqwBHdo5ewyqQK3hded","Tick Of Time","The Kooks","Konk","2008-01-01","207305"
"spotify:track:3Wk4Egd1tcHxFEu2o2nqtH","All Over Town","The Kooks","Konk","2008-01-01","193742"
"spotify:track:27rgTetikreqkvedaxrF5N","Grounds for Divorce","Elbow","The Seldom Seen Kid","2008-01-01","219453"
"spotify:track:2kN05N1AQQplsgFweFAqYb","These Days","Foo Fighters","Wasting Light","2011-04-12","297971"
"spotify:track:3PbsDnKdrZY0ttX7VE9s5R","Underdog","Kasabian","West Ryder Pauper Lunatic Asylum","2009","277466"
"spotify:track:3QO6QzexHTCX3D28zuxUAH","Don't Look Back In Anger","Oasis","Time Flies... 1994-2009","2010-06-14","290186"
"spotify:track:3m6KkYKdnbffMpGd9Pm9FP","Seven Nation Army","The White Stripes","Elephant","2003-04-01","231920"
"spotify:track:1UqhkbzB1kuFwt2iy4h29Q","Cough Syrup","Young the Giant","Young The Giant (Special Edition)","2011","249520"
"spotify:track:1KDYN3odJHnj9pqGHN3FVs","My Body","Young the Giant","Young The Giant (Special Edition)","2011","244400"
"spotify:track:7LDy0zN3tVio4sG4lRNtBg","It's About Time","Young the Giant","Mind Over Matter","2014-01-17","228239"
"spotify:track:7IRcAeTwPRqZOB3EXcu0iR","Especially In Michigan","Red Hot Chili Peppers","Stadium Arcadium (Walmart.com Exclusive)","2006-05-09","240333"
"spotify:track:1uU3163Dy2sfPgvgrO2Dbl","Holiday","Will And The People","Friends","2013-01-18","182893"
"spotify:track:0Pk9Lc2RFHVffFgjozPIxp","If I Had A Gun","Noel Gallagher's High Flying Birds","Noel Gallagher's High Flying Birds","2011-10-17","249106"
"spotify:track:3skn2lauGk7Dx6bVIt5DVj","Starlight","Muse","Black Holes and Revelations","2006-06-28","240213"
"spotify:track:1bx7OUl2UmAnA5oZkm9If7","Jerk It Out","Caesars","Jerk It Out","2005-01-14","195666"
"spotify:track:2VAlwOewe5c40VHyqozF1V","Steady, As She Goes","The Raconteurs","Broken Boy Soldiers","2006-05-15","215266"
"spotify:track:4Hv5jUXVQveCj36wN6dPmD","Long Road To Ruin","Foo Fighters","Greatest Hits","2009-11-03","228346"
"spotify:track:74EV0g12ihUoOUXMprFpZB","Losing My Religion","R.E.M.","Out Of Time (U.S. Version)","1991-01-01","267733"
"spotify:track:3ZRB2jsT55363iKiO4FNrI","Hollow Man","R.E.M.","Accelerate (Standard Version)","2008-03-11","159400"
"spotify:track:38sTlTyYRczJwk2oyhF6IA","The Wanderer","Jil Is Lucky","Jil is lucky (Kenzo Flower Release + Radio edit)","2009-01-01","220413"
"spotify:track:5AM5mh9mP5Un2WRZfsNedH","Léa","Louise Attaque","Du Monde Tout Autour","2011-01-01","197720"
"spotify:track:06E7xPqwCZ73W50s0rFrD0","A Ton Etoile","Noir Désir","Soyons Désinvoltes, N'Ayons L'Air De Rien","2011-01-01","263746"
"spotify:track:6MvTH94jL3GxlVFO5Ssk1L","Papaoutai","Stromae","Papaoutai","2013-01-01","231509"
"spotify:track:4z70Px77quweOupQRiaG2Q","Formidable","Stromae","racine carrée","2013-01-01","213933"
"spotify:track:5XZyIOvleZYTh0DD399M90","tous les mêmes","Stromae","racine carrée","2013-01-01","210933"
"spotify:track:6Ep6BzIOB9tz3P4sWqiiAB","Radioactive","Imagine Dragons","Night Visions (Deluxe)","2012-09-04","186813"
"spotify:track:3RkQ3UwOyPqpIiIvGVewuU","Mr. Tambourine Man","Bob Dylan","Bringing It All Back Home","1965-03-22","326706"
"spotify:track:1lqMLr9Wj7SM2F9AikGcxN","Hurricane","Bob Dylan","Desire","1976-01-16","512609"
"spotify:track:2C4aYxNpoPkmoZ3ZdPeuOB","Knockin' On Heaven's Door","Guns N' Roses","Use Your Illusion II (Explicit Version)","1991-09-18","336000"
"spotify:track:4ZxiooI173oDDop1IicSOc","Liverpool Rain","Racoon","Liverpool Rain","2011-05-06","267626"
"spotify:track:4AUASx1KCTQFmpHu7qq6Kr","Oceaan","Racoon","The Singles Collection","2013-03-15","164757"
"spotify:track:76N4NZRph5MmOvHb6ZGsDh","Took a Hit","Racoon","Liverpool Rain","2011-05-06","226960"
"spotify:track:1a2GeLs7aMPvwJOjcVK0Vl","Het Regent Zonnestralen","Acda en de Munnik","Adem","2005-11-07","225733"
"spotify:track:15rn9UNrC8bx2sTXCJQYc0","J't'emmène au vent","Louise Attaque","Louise Attaque","1997-04-22","184134"
"spotify:track:0shhngpGC6qR0ByCLchReX","All Over You","Live","Throwing Copper","1994-01-01","239533"
"spotify:track:5KKBsfzzXBE4MKwsFTShkH","Vertigo","U2","How To Dismantle An Atomic Bomb","2004-01-01","194520"
"spotify:track:7hev7M1ccVzx39EOylReox","Weep Themselves to Sleep","Jack White","Blunderbuss","2012-04-23","259093"
"spotify:track:3X6iIrFuQoCshIWBseEKPl","American Woman","Lenny Kravitz","5","1998-05-12","264560"
"spotify:track:45Ia1U4KtIjAPPU7Wv1Sea","Are You Gonna Go My Way","Lenny Kravitz","Are You Gonna Go My Way","1993-03-09","211933"
"spotify:track:1L94M3KIu7QluZe63g64rv","Alive","Pearl Jam","Ten","1991-08-27","340974"
"spotify:track:6QewNVIDKdSl8Y3ycuHIei","Even Flow","Pearl Jam","Ten","1991-08-27","292579"
"spotify:track:0W0BDGgVnwWwMEaWwEZntk","The Seed (2.0)","The Roots, Cody Chesnutt","Phrenology","2002-11-26","267933"
"spotify:track:13sHYddvIIfWxxDjd9CC9N","Use Me","Beans & Fatback","Use Me","2013-05-16","167240"
"spotify:track:48UPSzbZjgc449aqz8bxox","Californication","Red Hot Chili Peppers","Californication (Deluxe Edition)","1999-06-08","329733"
"spotify:track:0aGQHMr7bc23Y9Ts84ffop","Around the World","Red Hot Chili Peppers","Californication (Deluxe Edition)","1999-06-08","238733"
"spotify:track:5WFeETRgC5BmZ5FdZ00ZsL","Mojo Mischief","Lucas Hamming","Mojo Mischief","2014-08-01","156750"
"spotify:track:75ARkUKb54dQ86YezuoNhn","Hate To Say I Told You So","The Hives","Veni Vidi Vicious","2000","199733"
"spotify:track:1Q2CW73rtlepEyn1ymUar7","Normal Person","Arcade Fire","Reflektor","2013-01-01","262360"
"spotify:track:1OHFMhWr9Pc2OJsLiQQQbj","Boys In The Band","The Libertines","Up The Bracket","2002","222413"
"spotify:track:5nm4isRiDiiUM4VhVK9jru","Do You Love Me at All","Jett Rebel","Venus & Mars","2014-05-09","158880"
"spotify:track:0V5b2pTxulwbWygiF1NjDL","Vagabond","Wolfmother","Wolfmother","2006-01-01","230226"
"spotify:track:0Ln5tJyLX5qusquBOtq7wf","Fire","Kasabian","West Ryder Pauper Lunatic Asylum","2009","252279"
"spotify:track:7ouMYWpwJ422jRcDASZB7P","Knights of Cydonia","Muse","Black Holes and Revelations","2006-06-28","366213"
"spotify:track:3lPr8ghNDBLc2uZovNyLs9","Supermassive Black Hole","Muse","Black Holes and Revelations","2006-06-28","212439"
"spotify:track:4OaV9UYQ3EfrBRPjoO6u7c","Heart-Shaped Box","Nirvana","In Utero - 20th Anniversary - Deluxe Edition","1993-09-21","281160"
"spotify:track:2qkmPUG7ARsRwhVICQVwQS","Mercy","Muse","Drones","2015-06-04","231973"
"spotify:track:449DFUJKZlzSO684XlVjEn","Psycho Killer","Talking Heads","Popular Favorites 1976 - 1992 / Sand in the Vaseline","1992-10-13","260600"
"spotify:track:1O5qBgWDXf19N75X7Bvilv","Rock & Roll Queen","The Subways","Young For Eternity","2005-07-04","171560"
"spotify:track:0gaZRKD6FdJ517b8XhBI6Y","New Alphabet","Eels","Wonderful, Glorious","2013-02-05","248293"
"spotify:track:0tHeScWiI9EuF9IuH36Beu","The Hardest Button to Button","The White Stripes","Elephant","2003-04-01","212266"
"spotify:track:6SApDiUzGpwgsWsdEvIKnS","Get Into It","The Strypes","Little Victories (Deluxe)","2015-07-24","179133"
"spotify:track:6G3eg9x3322RsAvM55ioOE","Scorpio Rising","Death In Vegas","Scorpio Rising","2003","340466"
"spotify:track:3HPfwpfUtcdyJPvlLtXtNg","Sirens","Pearl Jam","Lightning Bolt","2013-01-01","340320"
"spotify:track:1wVvqxJprh75ux98t12Sp9","The Siren","Graveyard","Hisingen Blues","2011-01-01","360586"
"spotify:track:3LTMnFa0hhwisyq6ILahyj","Sultans Of Swing","Dire Straits","Dire Straits (Remastered)","1978-10-07","348624"
"spotify:track:6DXfRaeTTP0b014CY8B9wK","Too Many Djs","Soulwax","Much Against Everyone's Advice","1999","250533"
"spotify:track:6gX9WJMPGIdszeHjBp2w4w","Hand In Hand","Beatsteaks","23 Singles","2015-09-18","169066"
"spotify:track:4Zau4QvgyxWiWQ5KQrwL43","Radar Love","Golden Earring","The Long Versions - Part One","2008-10-22","386706"
"spotify:track:14XWXWv5FoCbFzLksawpEe","Riders on the Storm","The Doors","L.A. Woman","1971-04-19","434720"
"spotify:track:2IPgxg2c1jk45Ay32Cqz33","I'm Alive","Johnny Thunder","I'm Alive / Verbal Expressions","2011-01-07","176920"
"spotify:track:5jzma6gCzYtKB1DbEwFZKH","London Calling - Remastered","The Clash","London Calling (Remastered)","1979","199703"
"spotify:track:1MYlx4dBtiyjn7K8YSyfzT","The Real Slim Shady","Eminem","Curtain Call (Deluxe)","2005-12-06","284800"
"spotify:track:7w9bgPAmPTtrkt2v16QWvQ","Lose Yourself - From ""8 Mile"" Soundtrack","Eminem","Curtain Call (Deluxe)","2005-12-06","326466"
"spotify:track:1hYvNQuYU5eAeA24TIDMbN","Colors","Chef'Special","One For The Mrs.","2011-03-18","325986"
"spotify:track:11Ihfr6TDVkqYWwLCuGJat","My Night Off","Chef'Special","One For The Mrs.","2011-03-18","215040"
"spotify:track:2ZFIzhM1lmSAH5eM2CKe7O","Dreamers","Them Terribles","Rock, Paper, Terribles","2007-01-01","185013"
"spotify:track:1Q0p30HuN1ADMX2CmPzIvO","Nobody's Wife","Anouk","Together Alone","1997-01-01","205733"
"spotify:track:43r8rZj5nmr2Ac71tS13ma","Sam's Town - Live From Abbey Road / 2006","The Killers","Sawdust","2007-01-01","223680"
"spotify:track:6Ubz7S4IFSWVxlkMiRyMIK","Motorcycle Emptiness","Manic Street Preachers","Forever Delayed","2002-10-28","305693"
"spotify:track:2zCs0vLKiRO0ctaAji81g5","Crazy Little Thing Called Love - Remastered 2011","Queen","Queen Forever","2014-01-01","163108"
"spotify:track:5H6Jp0syB5yEPk7SWYdlmk","The Wind Cries Mary","Jimi Hendrix","Are You Experienced","1967-05-12","200733"
"spotify:track:07KHJvlYBeQVqrmifTEqEp","Dream On","Aerosmith","The Essential Aerosmith","2011-09-13","265093"
"spotify:track:3ZcDSojpxWjRrKGw7GjdvT","Zo Stil","BLØF","Hier - Het Beste Van 20 Jaar BLØF","2012-01-01","237280"
"spotify:track:2PqwDPVpcLM7z8DGC9dXEU","Anti Anti","Bonaparte","Too Much","2008-04-22","198133"
"spotify:track:1RH4H0hiUldJh2S6fTAFLV","Sweatshop","De Staat","Machinery","2011-03-04","197013"
"spotify:track:0C17eIw9JKFBm9Ay2XD5tw","The Future","The Van Jets","Cat Fit Fury!","2010-02-28","210320"
"spotify:track:6dDuP1vwKdGFToOwkCesOk","L'homme pressé","Noir Désir","En Route Pour La Joie","2001","225813"
"spotify:track:5jotVjBvm9rSZSHvj4QA9R","Higher Ground","Red Hot Chili Peppers","Greatest Hits","2003-11-18","203453"
"spotify:track:5tTpTEOrFtl7l5QJQHCuqV","Refuse to Follow","The Blue Dawns","Against the Tide","2014-12-22","252000"
"spotify:track:7KSjWmoKrD4zndbSRj53hk","She's Not Gone Yet But She's Leaving","The Fratellis","We Need Medicine","2013-10-08","230293"
"spotify:track:4WJjSeVmFPM6K7w2g5KpIh","Parallel Lives","Revolver","Let Go","2012-03-07","244120"
"spotify:track:20uVZbYFKshjrdDHcVy9w9","Come Closer","Miles Kane","Colour Of The Trap","2011-05-02","179240"
"spotify:track:6EIyZEtL8Iky8hvxje1dDE","On Mercury","Red Hot Chili Peppers","By the Way (Deluxe Edition)","2002-07-09","207666"
"spotify:track:2zYzyRzz6pRmhPzyfMEC8s","Highway to Hell","AC/DC","Highway to Hell","1979-07-27","208110"
"spotify:track:57bgtoPSgt236HzfBOd8kj","Thunderstruck","AC/DC","The Razors Edge","1990-09-24","292333"
"spotify:track:2UKARCqDrhkYDoVR4FN5Wi","Plug in Baby","Muse","Origin of Symmetry","2001","218000"
"spotify:track:6ZHwjIHvruCVvBBhQ4KUUR","Make The Call, Leave It All","De Staat","O","2016-01-15","258333"
"spotify:track:1ubaokQL9dm6jwsDluimkY","Get On Screen","De Staat","O","2016-01-15","257240"
"spotify:track:3PDR9rS44gS3MXxg5GGIPg","Time Will Get Us Too","De Staat","O","2016-01-15","383173"
"spotify:track:5q453TyHMg7pxYdNG9nufn","The Vampyre of Time And Memory","Queens of the Stone Age","...Like Clockwork","2013-06-03","214586"
"spotify:track:1Pc3gTtQG4Cq1x81NcXtCN","My God Is The Sun","Queens of the Stone Age","...Like Clockwork","2013-06-03","235400"
"spotify:track:7oXRMDUzBPekkLRTJhSGvC","I Sat By The Ocean","Queens of the Stone Age","...Like Clockwork","2013-06-03","235586"
"spotify:track:5T8EDUDqKcs6OSOwEsfqG7","Don't Stop Me Now - Remastered 2011","Queen","Jazz (2011 Remaster)","1978-11-10","209413"
"spotify:track:5vdp5UmvTsnMEMESIF2Ym7","Another One Bites The Dust - Remastered 2011","Queen","The Game (2011 Remaster)","1980-06-27","214653"
"spotify:track:55USWnZ2JKfhvAzer2bxET","All Day And All Of The Night - Mono Single","The Kinks","Kinks (Deluxe Edition)","1964-10-02","142226"
"spotify:track:2Ms33RTRCT6gArrpcrPxmo","Feel","Robbie Williams","Escapology","2002","263866"
"spotify:track:3cHXgre36CNxQ1jkGaZeAq","She's A Rainbow - (Original Single Mono Version)","The Rolling Stones","The Rolling Stones Singles Collection: The London Years (Remastered)","1989-08-15","251360"
"spotify:track:77UzDmCwn4LMposu4lqBSR","Wannabe In L.A","Eagles Of Death Metal","Heart On (Deluxe Edition)","2009-01-19","135853"
"spotify:track:3ZIw7nCYObqthuWCuDrCu0","Venice Queen","Red Hot Chili Peppers","By the Way (Deluxe Edition)","2002-07-09","367026"
"spotify:track:57Xjny5yNzAcsxnusKmAfA","Reptilia","The Strokes","Room On Fire","2003-10-28","219826"
"spotify:track:5ISEvdCrRMkVB0gIKvzuCl","Automatic Fantastic","Brant Bjork","Jalamanta","1999","415466"
"spotify:track:7yvVN0WIduWMnVpnIgZehl","God Knows","Mando Diao","Hurricane Bar","2004-09-22","230733"
"spotify:track:5yM7n12a0w0ZIxgwoobENF","When the Levee Breaks - 1990 Remaster","Led Zeppelin","Led Zeppelin IV","1971-11-08","427800"
"spotify:track:0p20xyAdYkaxAPWdXr0sir","I Love Rock 'n' Roll","The Black Jets","ReCovered Hits Volume 2","2010-02-08","177086"
"spotify:track:5824cLEuRl8PhljdeIQLm4","Cross The Fader","Jamaica","No Problem","2010-08-23","198720"
"spotify:track:0cs671lxX2eoDzr2KMuo3N","Here Comes Your Man","Pixies","Doolittle","1989-04-17","201693"
"spotify:track:1nzDfOVC5GZYZpTnMx0dYq","Drama Queen","Switches","Drama Queen","2007-02-05","176799"
"spotify:track:1H5VQuShs4qfwBXyHF0PeH","Narcotic - Radio Edit","Liquido","Narcotic","1998-07-10","236150"
"spotify:track:3oqYMRKQcwyNmFn1VD2ukD","Revolution Radio","Green Day","Revolution Radio","2016-10-07","180853"
"spotify:track:278Ao6KQDxWGGszv24uvhI","Bang Bang","Green Day","Revolution Radio","2016-10-07","205440"
"spotify:track:4N0TP4Rmj6QQezWV88ARNJ","Superstition","Stevie Wonder","Talking Book","1972-10-28","266133"
"spotify:track:4ue5ET9msGNJSO6sSbrCVE","I Want To Break Free - Remastered 2011","Queen","Greatest Hits II (2011 Remaster)","1991-10-28","258000"
"spotify:track:78Az0Z1vNJgqv9QSB0ULLV","Paint It Black","The Rolling Stones","Singles 1965-1967","2004-07-12","224133"
"spotify:track:3awlW6flEG4juGnGCduWw9","So Lonely - Remastered 2003","The Police","Outlandos D'Amour (Remastered)","1978-11-02","288250"
"spotify:track:305WCRhhS10XUcH6AEwZk6","Are You Gonna Be My Girl","Jet","Get Born","2003","213800"
"spotify:track:7o2CTH4ctstm8TNelqjb51","Sweet Child O' Mine","Guns N' Roses","Appetite For Destruction","1987-07-21","354520"
"spotify:track:4WfGrAJVC3A5xhUTja0gUG","Money For Nothing","Dire Straits","Brothers In Arms (Remastered)","1985-05-13","510933"
"spotify:track:3meXdlcyYTgukuOfX6VyhJ","Amsterdam","Nothing But Thieves","Amsterdam","2017-05-03","272240"
"spotify:track:0bKAmgLzk3LTHQgD5PFGej","When The Lady Smiles","Golden Earring","Very Best Of Vol. 1 - Part Two","2008-11-05","340026"
"spotify:track:5AtDUE1dzX1v962kqqMBFc","Papillon","Editors","In This Light and on This Evening","2009-10-12","324133"
"spotify:track:177pePxmKgtYylD5OOMYei","Feeding Line","Boy & Bear","Moonfire","2011-11-11","269866"
"spotify:track:6t0fYRoZlM5kQ9qT19JnbZ","Me Gustas Tu","Manu Chao","Próxima Estación: Esperanza","2001-06-01","239986"
"spotify:track:1OkqhhiH4TEYtqxiSISYen","Bongo Bong","Manu Chao","Clandestino","1998-10-06","158426"
"spotify:track:0bZ52QzCCKfrfOqs7za6lI","Cherry Wine - Live","Hozier","Hozier","2014-10-07","240147"
"spotify:track:44JkHdvnxVmGBxOrDBxS7a","To The Light","Newton Faulkner","Hand Built By Robots","2007-07-27","159080"
"spotify:track:2iRKIu6y9PWhUMzOKAQgU2","U.F.O. - New Version","Newton Faulkner","Hand Built By Robots","2007-07-27","154333"
"spotify:track:5Fli1xRi01bvCjsZvKWro0","Houdini","Foster The People","Torches","2011-05-23","202466"
"spotify:track:5uObE2ME7UTldrC2bDxkpJ","Loving You","Paolo Nutini","These Streets","2007-01-30","239706"
"spotify:track:1RTVBt6wWtWs2qiRVnlzLM","Sonnentanz","Klangkarussell","Netzwerk","2014-01-01","360146"
"spotify:track:3jQyadhLTxpxadQlkFh2b8","Heartbeats","José González","Veneer","2003","160240"
"spotify:track:0HbqmM7fxlf5lfY5aDm5sN","The Fear","Ben Howard","Every Kingdom (Deluxe Edition)","2011-01-01","260342"
"spotify:track:0fgPSKxfwlBfvGNrpani3V","Diamonds","Ben Howard","Every Kingdom (Deluxe Edition)","2011-01-01","246773"
"spotify:track:3KS09EvUKTtPgTHbBBsLCw","Follow the Sun","Xavier Rudd","Spirit Bird","2012-06-05","255493"
"spotify:track:1tUuMjAJR9vBu2vNWvlYmy","Zebra","John Butler Trio","Sunrise Over Sea","2005-03-01","237560"
"spotify:track:5AlBX9NbiyYc7PXxMDkje9","Used to Get High","John Butler Trio","Grand National","2007-03-23","267920"
"spotify:track:1XxCiPw07rd1ytYnE7SoJI","Road Trippin'","Red Hot Chili Peppers","Californication (Deluxe Edition)","1999-06-08","204973"
"spotify:track:3s8YjcZ1LieRIPFivz7mRJ","We Can Be Strong","Willy Mason","If The Ocean Gets Rough","2007-01-01","235066"
"spotify:track:1AcjeJ7kEbtk2DW0FoPVtg","Had It All","Allah-Las","Worship the Sun","2014-09-15","160520"
"spotify:track:3FKp7QAJoLHPsywOp6UvMH","Curbside Prophet","Jason Mraz","Waiting for My Rocket to Come","2002","214552"
"spotify:track:7AYoXqCtME90flUOpBJM7i","Society","Eddie Vedder","Music For The Motion Picture Into The Wild","2007-12-17","236306"
"spotify:track:7jTjUwhxj1umXheevnkWjX","No Ceiling","Eddie Vedder","Music For The Motion Picture Into The Wild","2007-12-17","94053"
"spotify:track:5sM2GI0vMNZL7tvfPQfByV","Guaranteed","Eddie Vedder","Music For The Motion Picture Into The Wild","2007-12-17","442560"
"spotify:track:2LWr0TXOjIuv3B7zO4kHVD","Hard Sun","Eddie Vedder","Music For The Motion Picture Into The Wild","2007-12-17","321760"
"spotify:track:0HV1cGoX5ASBlPA1pqH8fG","Every Other Freckle","alt-J","This Is All Yours","2014-09-22","216004"
"spotify:track:126TblwXGNTUZ7RPMnThkU","Left Hand Free","alt-J","This Is All Yours","2014-09-22","173630"
"spotify:track:33OdSmu4AdBViAXDbCEqK3","Breezeblocks","alt-J","An Awesome Wave (Deluxe Version)","2012-10-22","227080"
"spotify:track:3WU1BGMLe9Tg2QuVmRPpw6","Plage","Crystal Fighters","Star of Love (+ acoustic version)","2011-01-24","230480"
"spotify:track:4OWN4fxrnKhAZz6egeMybi","Million Faces","Paolo Nutini","These Streets","2007-01-30","221280"
"spotify:track:0u0rhb5dXH2NM23YSwpe7M","Fall","Dotan","7 Layers","2014-01-01","251014"
"spotify:track:76LfrEEYsjRIXOMhZVCijI","Flaws","Bastille","All This Bad Blood","2013-01-01","218800"
"spotify:track:4gZVN2P97y9ETpfawAlsRp","Only Love","Ben Howard","Every Kingdom (Deluxe Edition)","2011-01-01","249173"
"spotify:track:0FSaq4WfIJ8RbG2Li1JD5B","Ain't No Reason","Brett Dennen","The Definitive Collection","2013-01-29","217693"
"spotify:track:0yxx6BSBtZWI9U8XGwyDrx","The Band Played Just For Me","Jon Fratelli","Psycho Jukebox (Deluxe Edition)","2011-01-01","231321"
"spotify:track:6eWsgrQLZhLqy5VfGB9iFs","Gold - Thomas Jack Radio Edit","Gabriel Rios, Thomas Jack","Gold (Thomas Jack Radio Edit)","2014-09-12","196310"
"spotify:track:5AW06u82yN9agtQlINqny5","Dreadlock Holiday","10cc","70's Pop","2007-01-01","267746"
"spotify:track:4jJEQg6mr3fQsUCYTwhBEZ","Sun","Two Door Cinema Club","Beacon","2012-09-03","187720"
"spotify:track:3r7gP3kGBkldTrOO6ebMGy","Bullet and a Target","Citizen Cope","The Clarence Greenwood Recordings","2004","263400"
"spotify:track:4vrTWMM2u5q2TuQX2ICdqV","Blessed To Be A Witness","Ben Harper","Diamonds On The Inside","2003-01-01","251533"
"spotify:track:6vTtMyCg96xwpoIBws9K0Q","Feels Like We Only Go Backwards","Tame Impala","Lonerism","2012-01-01","192960"
"spotify:track:6HqWcIutC3Bwk6awM1jnGP","Elephant","Tame Impala","Lonerism","2012-01-01","211226"
"spotify:track:7fQFSu5m50PFFm6CdYKSHF","Love Is to Die","Warpaint","Warpaint","2013","291758"
"spotify:track:5vGEdM7LvbgMypJkILhQ4p","Dog Days Are Over","Florence + The Machine","Between Two Lungs","2010-01-01","252818"
"spotify:track:5ZrrXIYTvjXPKVQMjqaumR","Loud Pipes","Ratatat","Classics","2006-08-22","226533"
"spotify:track:1LytkZ67Tquo5A5TyzqVcZ","Seventeen Years","Ratatat","Ratatat","2004","266306"
"spotify:track:1w2b7yH3BlYMzDGN3QNQra","Nostrand","Ratatat","Classics","2006-08-22","184040"
"spotify:track:1VFimdgyZ5Md80i4opxy5M","Fanfare","John Frusciante","Enclosure","2014-04-04","290791"
"spotify:track:6Dm2KfuPBa3eXOgHaT88r4","The Past Recedes","John Frusciante","Curtains","2005-02-01","233626"
"spotify:track:0d28khcov6AiegSCpG5TuT","Feel Good Inc.","Gorillaz, De La Soul","Demon Days","2005-05-23","222640"
"spotify:track:4cIwg5VY8Lo1NYwq7llOth","Steal My Kisses","Ben Harper And The Innocent Criminals","Burn To Shine","1999-09-21","245360"
"spotify:track:51LcPhaclbiR8EAyC76M2L","Don't Wanna Fight","Alabama Shakes","Sound & Color","2015-04-20","232530"
"spotify:track:7dQ2lz4Bltpn5lkqghcODN","Greenback Boogie - Suits Theme Song","The Swinging Suits","Greenback Boogie - Suits Theme Song","2012-09-13","263317"
"spotify:track:0CAVtcS3LVexHfkHH9VA4f","Promises of No Man's Land","Blaudzun","Promises of No Man's Land","2014-03-31","214756"
"spotify:track:4eH8TpawYJMjcDvC0LDHYv","You've Got The Love","Florence + The Machine","Between Two Lungs","2010-01-01","168666"
"spotify:track:1lX91uQ0AHXD80zLWH7S31","Walk","Kwabs","Walk","2014-10-03","214149"
"spotify:track:1xrr9bAS0zfjCXdLKpLJnA","Swoon","The Chemical Brothers","Further","2010-01-01","365080"
"spotify:track:5ovKMrenMOvhyEcMWmLnZj","Tropicana","Ratatat","Classics","2006-08-22","276800"
"spotify:track:277bAXhqfHukF9Yvhk6MYr","Crosses","José González","Veneer","2003","162920"
"spotify:track:6txWz9UapYHVxEd7dDIHXT","No Rain","Blind Melon","Blind Melon","1992-01-01","217106"
"spotify:track:1P3MXWakqsC00kSgjQdUcB","Simple As This","Jake Bugg","Jake Bugg","2012-01-01","199453"
"spotify:track:3CVPyuuD6HxWXgPbbGqbg6","Are You What You Want to Be?","Foster The People","Supermodel","2014-03-14","270693"
"spotify:track:10ViidwjGLCfVtGPfdcszR","Home","Edward Sharpe & The Magnetic Zeros","Up From Below","2009-07-13","306320"
"spotify:track:6gSKswfcoWvaadqvuMF3Y7","Colours","GROUPLOVE","Never Trust a Happy Song","2011-09-02","257786"
"spotify:track:6PnOqEt49VpxTv6gsq4U9S","Big Jet Plane","Angus & Julia Stone","Les Emotifs Anonymes (Original Motion Picture Soundtrack)","2010-12-20","239120"
"spotify:track:0orqOteVmwEnwCpizgAHxk","Ada","The National","Boxer","2007-05-21","243200"
"spotify:track:6Wuv7MrhesuDsuGv8vcrOd","Soul Meets Body","Death Cab for Cutie","Plans","2005-08-29","230906"
"spotify:track:4caRcqZl3JyrxwhgV5HGQ8","If You Tolerate This Your Children Will Be Next","Manic Street Preachers","Forever Delayed","2002-10-28","291240"
"spotify:track:4l9gNfeexV0FJ7traSwtNf","This Is The Last Time","Keane","Hopes and Fears (Deluxe Edition)","2009-01-01","209266"
"spotify:track:0TpPtPgWCxhJpD3vEhKSrg","Believe","The Bravery","The Sun And The Moon","2007-01-01","226346"
"spotify:track:4brqHrnr9ym8db3o5n70Qg","This Is The Thing","Fink","Distance and Time","2007-10-01","272440"
"spotify:track:4QyTAToGczngpDZBhlU7AJ","Suburban Knights","Hard-Fi","Once Upon A Time In The West","2007-08-31","269599"
"spotify:track:6mVD1SfTvlFAPVi7txFL5H","Machu Picchu","The Strokes","Angles","2011-03-21","209626"
"spotify:track:2ThdB23G9Rgf1ExndFGEEg","Tap Out","The Strokes","Comedown Machine","2013-03-25","222360"
"spotify:track:5jJ69cMDMC0aeWPjZo6VP2","Lampshades on Fire","Modest Mouse","Strangers to Ourselves","2015-03-13","187720"
"spotify:track:5Du6gEDduLCB9FIm9xIE4w","Tainted Love","Soft Cell","Tainted Love / Where Did Our Love Go","2009-01-01","156906"
"spotify:track:1hm1wgxyMuDiRXXumstO5o","More","The Tellers","Hands Full of Ink","2007-07-23","133720"
"spotify:track:0fP0H7pj4phmIXO5wRJb2h","Little Lion Man","Mumford & Sons","Sigh No More","2009","247000"
"spotify:track:0umDVf77ygI5RiVp9OvNDj","Pyro","Kings of Leon","Come Around Sundown (Expanded Edition)","2010-10-19","250533"
"spotify:track:6EOVswctoFdM2ZBelEBXnu","A Ton of Love","Editors","The Weight of Your Love","2013-07-01","238186"
"spotify:track:0VTan0EsorCkYXRkZSz97Q","Dream On","Noel Gallagher's High Flying Birds","Noel Gallagher's High Flying Birds","2011-10-17","269293"
"spotify:track:50wmJUs9lJGDNRqJMUGH5F","Desaparecido","Manu Chao","Clandestino","1998-10-06","227160"
"spotify:track:47gOxbQxec7dJlX5ILFW2u","Sénégal Fast-Food","Amadou & Mariam","Dimanche A Bamako","2005-03-21","259200"
"spotify:track:0sHXXefjCcERn67vZUqOPY","La vie A 2","Manu Chao","Clandestino","1998-10-06","180573"
"spotify:track:2mFDDXrYvRuBmhYNrTUcKR","L'intranquillité","Louise Attaque","Du Monde Tout Autour","2011-01-01","227720"
"spotify:track:3mXXOo4ZS1ekGvgKC1JKUV","Holiday In Spain","Counting Crows","Films About Ghosts (The Best Of Counting Crows)","2003-11-24","228840"
"spotify:track:7n3REqDfZBpkd0bEpGu2H3","Mr. Jones","Counting Crows","Films About Ghosts (The Best Of Counting Crows)","2003-11-24","272733"
"spotify:track:1HI2DCMcSu1DaRm1cu3RNK","Dear Miami","Róisín Murphy","Overpowered","2007-10-01","220506"
"spotify:track:1R45EyWM83EVqPOrDWtZTG","On The Road Again - Remastered 2005","Canned Heat","The Very Best Of Canned Heat","2005-01-01","296426"
"spotify:track:0gUmJMtZOifCc4H939FV4X","The Cave","Mumford & Sons","Alle 40 Goed: Alternative","2012-08-27","215253"
"spotify:track:2DV0ElARD0NtjoemJLNm0Z","2 Atoms In A Molecule","Noah And The Whale","Peaceful, The World Lays Me Down (LEP Version)","2008-09-29","124626"
"spotify:track:5dKBaysNJtfpyNTRa5lqDb","A-Punk","Vampire Weekend","Vampire Weekend","2008-01-27","137760"
"spotify:track:35aNHKBZWXXbL9KQK7O5Nk","Hurricane","MS MR","Secondhand Rapture","2013-05-10","226373"
"spotify:track:76WDHcpK3OIWwvzghr2ywS","Firewater","Django Django","Django Django","2012-01-23","289640"
"spotify:track:1UzKTLOvypzRyPGZKkOPMA","Killing For Love","José González","In Our Nature","2007-09-24","182893"
"spotify:track:0NkCx4pvkAEWYD9xviIXMk","Son's Gonna Rise","Citizen Cope","Music From The WB Television Series One Tree Hill Volume 2: Friends With Benefit","2006-02-07","232693"
"spotify:track:14oVMOI4e83M2Rl83CJkTo","Out of Time Man","Mick Harvey","Two of Diamonds","2007-01-01","177440"
"spotify:track:0BF6mdNROWgYo3O3mNGrBc","Lean On (feat. MØ & DJ Snake)","Major Lazer, MØ, DJ Snake","Lean On (feat. MØ & DJ Snake)","2015-03-02","176561"
"spotify:track:4PF8MOoTNSy5EYqweugSBc","Alone In My Home","Jack White","Lazaretto","2014-06-09","207459"
"spotify:track:4b8GTae6rqb9oPiRzVa3Gy","Loser","Beck","Mellow Gold","1994-03-01","234960"
"spotify:track:0ZLSKmBIDFaQSfR5veas2h","Dreams","Beck","Dreams","2015-06-15","314320"
"spotify:track:61dXuN3VyqGOyOeMfJXIPh","Could You Be Loved","Bob Marley & The Wailers","Uprising","1980","237000"
"spotify:track:0Wb3rzcLvLTjzAuWdUHFYh","Go","The Chemical Brothers","Go","2015-05-05","260696"
"spotify:track:3m1JFLpKLYgMi1jf6Bu16P","Let Forever Be","The Chemical Brothers, Noel Gallagher","Surrender","1999-01-01","236360"
"spotify:track:2MUZTpr1WsUKOzfTM9SRgt","eez-eh","Kasabian","48:13 (Deluxe)","2014-11-14","179933"
"spotify:track:5smVsMNxoKIp042Xh4DlsM","Fifteen Floors","Balthazar","Applause","2011-08-08","280706"
"spotify:track:3URXJIPS1jhD60KAPiqn6Z","In The Heat Of The Moment","Noel Gallagher's High Flying Birds","In The Heat Of The Moment","2014-11-17","212400"
"spotify:track:4KtrE35pTuqwNc22QP58RT","Drop the Game","Flume, Chet Faker","Lockjaw","2013-11-22","221894"
"spotify:track:3MjrueDQKVr6xDDseZwhEd","Figure It Out","Royal Blood","Royal Blood","2014-08-18","183602"
"spotify:track:1Urf1M52P3R6NYdAOJizoW","Float On","Modest Mouse","Good News For People Who Love Bad News","2004","208466"
"spotify:track:65shx0AX1Ze8NzfKA1VHL0","10,000 Emerald Pools","BØRNS","10,000 Emerald Pools","2014-10-07","176026"
"spotify:track:0nSiLqIX5RfIkEfmmSPClR","We Are One","RONDÉ","We Are One","2015-04-10","210592"
"spotify:track:2B98ljvzqpCVgt5reTHq28","Better Man","Pearl Jam","Vitalogy","1994-11-22","268602"
"spotify:track:18AJRdgUoO9EYn11N7xzaT","Habits (Stay High)","Tove Lo","Queen Of The Clouds","2014-09-24","209160"
"spotify:track:1jJci4qxiYcOHhQR247rEU","Kids","MGMT","Oracular Spectacular","2007-12-14","302840"
"spotify:track:2ALFO1JJBhMo7cNNsKlfHd","State Of The Art (A.E.I.O.U.)","Jim James","Regions Of Light And Sound Of God","2013-01-01","317400"
"spotify:track:2cmRpmO04TLaKPzmAzySYZ","Dance Yrself Clean","LCD Soundsystem","This Is Happening","2010-05-17","536471"
"spotify:track:15UGqlx4YUgIIXF6NaMQXZ","Carry It On","Racing Glaciers","Don't Wait for Me","2014-08-18","332005"
"spotify:track:56AjofuW5AmuZMQCiQvoEf","Source","Fever the Ghost","Crab in Honey","2014-10-06","259066"
"spotify:track:4YaWRqpUuzAgT2mxu1NHzW","Broad Daylight","Gabriel Rios","Ghostboy","2003","189400"
"spotify:track:1rVwXMW79ZuMIYyd3AsuPH","Spark","Fitz and The Tantrums","More Than Just a Dream (Deluxe Edition)","2013-05-07","198986"
"spotify:track:0BQH5uHglCuHVImyCjOOHc","Unknown Brother","The Black Keys","Brothers","2010-05-18","239693"
"spotify:track:1foMv2HQwfQ2vntFf9HFeG","Rhinestone Eyes","Gorillaz","Plastic Beach","2010-03-05","200173"
"spotify:track:3p1xZcFdjN6SsQulcf493L","L.O.V.","Fitz and The Tantrums","Pickin' Up The Pieces","2010","220426"
"spotify:track:4wWfO3quW5mDQZTiYeNnqS","Clint Eastwood","Gorillaz","Gorillaz","2001","340133"
"spotify:track:74Csq5DMaOBShLUhI6NU5A","Curse Me Good","The Heavy","The Glorious Dead","2012-08-17","296899"
"spotify:track:2Zbnh37ISbOOaTu4If4lhu","300 M.P.H. Torrential Outpour Blues","The White Stripes","Icky Thump","2007-06-15","328560"
"spotify:track:6U5hUX40OWY6l0HaPUWElZ","Banquet","Bloc Party","Silent Alarm","2005-01-01","200400"
"spotify:track:62gytJuWGNY1CiPLFNNATq","That Look You Give That Guy","Eels","Hombre Lobo","2009-06-02","255346"
"spotify:track:6fR4It0y0RdwwjBRVIr405","I Follow Rivers","Triggerfinger","All This Dancin' Around","2010","215520"
"spotify:track:7vOByeImVF8xhyQcwWbeTl","Ik Wil Alleen Maar Zwemmen","Spinvis","Ik Wil Alleen Maar Zwemmen","2006-02-06","228160"
"spotify:track:5BP0oaQ1VhuaznT77CBXQp","Where Is My Mind?","Pixies","Death To The Pixies","1997-10-06","231666"
"spotify:track:6APJjwrtVrFllc5wFD9Tg6","Le Vent Nous Portera","Noir Désir","Des Visages Des Figures","2001-09-10","288746"
"spotify:track:6kK2YbF8boQl32Lqkai3Ca","All Night","Parov Stelar","The Art Of Sampling (Deluxe Version)","2013-01-01","166400"
"spotify:track:1g7zNtcGrWt8gcBRwDQEkf","Gold","Chet Faker","Built on Glass","2014-04-14","285255"
"spotify:track:10zZ1RuwSxm96GON0PL1vR","The Golden Age","The Asteroids Galaxy Tour","Fruit","2009-10-26","230360"
"spotify:track:4aSAA0QQSUUX3YUiXsdtbn","Just","Radiohead","The Bends","1994-11-01","234800"
"spotify:track:6x8skkCl5PpaVPRCz3Ies9","Violent Shiver","Benjamin Booker","Benjamin Booker","2014-08-19","166480"
"spotify:track:3aSjlsHzj8jaMt4iqGmkEw","Walking With A Ghost","Tegan and Sara","So Jealous","2004-09-14","150320"
"spotify:track:3qUs2fkpr0ag1yyQC3dxRY","Hang Me Up To Dry","Cold War Kids","Robbers & Cowards","2006-01-01","218786"
"spotify:track:3P0GH0IMAy11iRjAnyygUt","Tamacun","Rodrigo y Gabriela","Rodrigo y Gabriela","2007-05-07","205800"
"spotify:track:06SVO4bR0gdOh90fnmtiGu","I Dont Belong","Frankie Chavez","Frankie Chavez","2011-01-28","245343"
"spotify:track:5aDEM3lN1MAUdV4SmtSmug","Livin' In The City","John Butler Trio","Flesh & Blood","2014-01-01","206906"
"spotify:track:6ujlgkgbsrPskgWslEcZmR","Ballad of the Mighty I","Noel Gallagher's High Flying Birds","Chasing Yesterday","2015-02-27","315093"
"spotify:track:2VT9HVSQhZciO4hVDFtgv1","Your Wish","Talisco","Run","2014-01-01","236320"
"spotify:track:4q7klA9ggWknZDhHhz9XYp","Still Young","The Cat Empire","Steal the Light","2013-05-17","258573"
"spotify:track:0sEm1ld0V8YTCPcjPVfIsc","Brighter Than Gold","The Cat Empire","Steal the Light","2013-05-17","200293"
"spotify:track:03GvcV5WEEqmYIP0RpG5Vx","Booty Swing","Parov Stelar","The Princess Part Two","2012-10-19","196513"
"spotify:track:40lnMoI2VOareLk5CLvneq","Catgroove","Parov Stelar","Coco Part 2","2009-09-14","236250"
"spotify:track:7MtxmIF99cVlZxqZ76Ts7C","The Sun feat. Graham Candy","Parov Stelar, Graham Candy","Clap Your Hands","2014-05-09","174777"
"spotify:track:4JeMdjfKBcKawXA64iI0O8","The Balcony","The Rumour Said Fire","The Life And Death Of A Male Body","2009-01-01","232013"
"spotify:track:3XWxq6IPXIK2g6uvAXTn0s","The Middle","Bosco Rogers","Googoo - EP","2014-11-10","154533"
"spotify:track:7r9ZTgy31yObGZE6ZYDlQg","Be Yourself","Audioslave","Out of Exile","2005-01-01","278973"
"spotify:track:6RsWqX8zABZLhZydXxEFOm","Can't Feel My Face","The Weeknd","Beauty Behind The Madness","2015-08-28","213520"
"spotify:track:3yP0cohcr97BUNJcgvmSVg","The Passenger","Iggy Pop","Lust For Life","1977-09-09","284066"
"spotify:track:7JNQFXEwsdp7y3jFxfO6TR","Champagne Supernova","Oasis","[What's The Story] Morning Glory","1995-10-02","446653"
"spotify:track:5Xu7nrKiVHslrdlNHRsSsP","Reality","Lost Frequencies, Janieck","Reality","2015-05-18","159480"
"spotify:track:2sNvitW3TxiTeC9xT9f2ZZ","Firestone","Kygo, Conrad Sewell","Firestone","2015-06-24","273684"
"spotify:track:0XzkemXSiXJa7VgDFPfU4S","Blurred Lines","Robin Thicke, T.I., Pharrell Williams","Blurred Lines","2013-01-01","263053"
"spotify:track:5tf1VVWniHgryyumXyJM7w","Sugar (feat. Francesco Yates)","Robin Schulz, Francesco Yates","Sugar","2015-09-25","219043"
"spotify:track:4SRFaFBNooD3GBVbH52uxT","The Great Defector","Bell X1","Blue Lights On the Runway","2009","280733"
"spotify:track:78fJOZkbhtIdFvIvvO8Mu0","Seven Nation Army - Remasterisée","Ben L'Oncle Soul","Ben L'Oncle Soul","2010-01-01","177853"
"spotify:track:61S0mEfdRtJ62Fc7fPqx0U","Feeling Good","Nina Simone","I Put A Spell On You","1965-06","174000"
"spotify:track:2Bcu8cmU7qYu3qXLowHQie","Heartbroken, in Disrepair","Dan Auerbach","Keep It Hid","2009-02-10","201280"
"spotify:track:4kdjHU5lzooUP7kkzQqX0Q","Zonnestraal","De Hofnar","Zonnestraal","2013","256990"
"spotify:track:1Qg0JhbqPhYki1a5bv7NgH","Save Me","LISTENBEE, Naz Tokio","Save Me","2015-01-16","210706"
"spotify:track:0i3utbege8Iy3q7Hy86QCF","Klanga - De Hofnar Remix","Gostan, De Hofnar","Klanga","2014-11-28","264293"
"spotify:track:36cmM3MBMWWCFIiQ90U4J8","Bounce (feat. Kelis) - Radio Edit","Calvin Harris, Kelis","18 Months","2012-10-29","222186"
"spotify:track:09By4L1F4e7kcAtLIvsRuJ","Get Around Town","Revolver","Music For A While","2009-04-27","139106"
"spotify:track:1SnHbVyjTY7xPFJyBKrL3O","The Whale","Sue the Night","Mosaic","2015-01-22","220967"
"spotify:track:3c3XJ9P1BjOtmNXKvdVyHK","For A Better Day","Avicii","Stories","2015-10-02","206066"
"spotify:track:3cLdKUtSFVsEYIlIcgJofD","Electric Love","BØRNS","Candy","2014-11-10","218160"
"spotify:track:22mek4IiqubGD9ctzxc69s","How Deep Is Your Love","Calvin Harris, Disciples","How Deep Is Your Love","2015-07-17","212495"
"spotify:track:7wcNFiD09V8YSVCbwVMIAc","Diamonds","The Boxer Rebellion","Promises","2013-05-14","242773"
"spotify:track:2X6E7N962eqIt9xZwmwH2w","Ghost","Skip the Use","Can Be Late","2012-01-01","188533"
"spotify:track:3XC7Jd6SfrQYKZJ6inyRHK","House of the Rising Sun","The Animals","Most of the Animals","1992-02-24","269906"
"spotify:track:2LkaNhCrNVmcYgXJeLVmsw","The Sound of Silence","Simon & Garfunkel","The Graduate","1968-01-21","185440"
"spotify:track:52q3SJSbNPPAoZsMiT1LTf","Positively Inclined","Wax Tailor, ASM, Marina Quaisse","Hope & Sorrow","2007-01-01","219500"
"spotify:track:5eTDvaxEvA2AIcmU9M6p11","Mondo Bongo","Joe Strummer & The Mescaleros","Global Agogo","2001","374906"
"spotify:track:0uVyZywUNOp6S0dU5r8TS8","Prayer in C - Robin Schulz Radio Edit","Lilly Wood and The Prick, Robin Schulz","Prayer","2014-09-16","189399"
"spotify:track:3dEFa9KjOLEZl980ctEEv1","Ship To Wreck","Florence + The Machine","How Big, How Blue, How Beautiful (Deluxe)","2015-05-29","234526"
"spotify:track:7rqyZM53JpYj86avtfmyeg","My Type","Saint Motel","My Type","2014-10-27","204811"
"spotify:track:5TgzjfCqlV3i3UNtM8eipD","That Old Pair Of Jeans - Radio Edit","Fatboy Slim","That Old Pair Of Jeans","2006","160640"
"spotify:track:6ECC4T2EvD4avyN4bey4mX","Black Cat John Brown","Alamo Race Track","Black Cat John Brown","2007-07-24","218826"
"spotify:track:5oLzIIsUK8XPCt3MHJE1Dt","Take Off Your Sunglasses","Ezra Furman And The Harpoons","Inside The Human Body","2008-10-07","216346"
"spotify:track:4ox2odCf0XL0g6692URWwe","But I Do","Poldoore","Street Bangerz Volume 6: Playhouse","2012-05-30","240000"
"spotify:track:1V2xVfvrNZvOzMHwI9oQPy","Liar","THE BENELUX","The Benelux","2013-11-21","190119"
"spotify:track:4dmCLAZbWYT0qtcG7GVMdb","L.E.S. Artistes","Santigold","Santigold","2008-04-29","204906"
"spotify:track:5wK2U8OltPg94tShNIzUZQ","Supergirl - Radio Edit","Anna Naklab, Alle Farben, YouNotUs","Supergirl (Radio Edit)","2015-03-25","212826"
"spotify:track:4w47YE9rjhmZUdtZjSCb82","J'me tire","GIMS","Subliminal (La face cachée)","2013-12-02","249866"
"spotify:track:7vqUr6K2Js9Paq4kdNSOm6","Here for You (feat. Ella Henderson)","Kygo, Ella Henderson","Here for You (feat. Ella Henderson)","2015-09-04","244510"
"spotify:track:2bEbTqj36jmuwMhvvCRC2y","Ready to Go","Republica","Ready To Go","2002-05-24","301533"
"spotify:track:2374M0fQpWi3dLnB54qaLX","Africa","TOTO","Toto IV","1982-04-08","295282"
"spotify:track:3YnzkpXK1J9fnnoJRG8FUB","On Trees And Birds And Fire","I Am Oak","On Claws","2010-05-14","176800"
"spotify:track:25nzKGDiua1lE9Qo5V19GL","Young Blood","The Naked And Famous","Passive Me, Aggressive You","2010","246600"
"spotify:track:6rxEjkoar48SssZePbtb2x","Crystalised","The xx","xx","2009-08-16","201946"
"spotify:track:6lWuJS86p0q5JAKekgETcN","Sky and Sand","Paul Kalkbrenner","Berlin Calling (The Soundtrack by Paul Kalkbrenner)","2013-07-12","230500"
"spotify:track:2MLHyLy5z5l5YRp7momlgw","Island In The Sun","Weezer","Weezer","2001-05-15","200306"
"spotify:track:15mSSDkDMCsZTnBlqm0S41","Stand Up","The Prodigy","Invaders Must Die (Special Version)","2009-01-01","330106"
"spotify:track:1M5a4uGEeeptMgQB639oja","The Suburbs","Arcade Fire","The Suburbs (Deluxe Edition)","2010","317213"
"spotify:track:3M3DY2TY0WKNRLl6cw6LI8","Dream","Husbands","Husbands","2013-05-21","217721"
"spotify:track:0tSJbZ1g9jno5FjI6yvSs9","London","Benjamin Clementine","At Least For Now","2014-01-12","241440"
"spotify:track:2LUAj53eY7P7QsPgmfklIG","Scribblin","Chef'Special","One For The Mrs.","2011-03-18","235866"
"spotify:track:1nCXzZ2bGxukcBu9MmFt7j","Stick Around","Chef'Special","One For The Mrs.","2011-03-18","244400"
"spotify:track:249g5VLg6RAKEf2DmvWZV4","Birds","Chef'Special","One For The Mrs.","2011-03-18","218386"
"spotify:track:2X0f3zMIjsaq4ID8GBLh4a","Katherine Kiss Me","Franz Ferdinand","Tonight","2009-01-27","175666"
"spotify:track:0OZsHQ5nZ3ydNBcTE2eTbq","Fresh Strawberries","Franz Ferdinand","Right Thoughts, Right Words, Right Action (Deluxe Edition)","2013-08-23","201480"
"spotify:track:7GF0ahCwSTwQqcjvumOLFZ","Sam","Tim Knol","Tim Knol","2010-01-25","198573"
"spotify:track:25zLLjV2rWcOJwP7yUQIww","Making Me Nervous","Brad Sucks","I Don't Know What I'm Doing","2003","159240"
"spotify:track:0eGsygTp906u18L0Oimnem","Mr. Brightside","The Killers","Hot Fuss","2004-06-15","222075"
"spotify:track:5mhUPDWQH3s544WCsa0r9w","Human","The Killers","Day & Age","2008-11-18","245360"
"spotify:track:7tn3z0fSrzWHlHw7r6XRAx","Such Great Heights","The Postal Service","Give Up","2003","266346"
"spotify:track:2ePGP9MI8dTNjq5NkNBPdA","Estupendo","Arsenal","Lotuk","2008-04-07","312626"
"spotify:track:4g3Ax56IslQkI6XVfYKVc5","The Less I Know The Better","Tame Impala","Currents","2015-07-17","216318"
"spotify:track:5G5Xqn4Vsnv2eNTTZnhaDF","Come Save Me","Jagwar Ma","Howlin","2013-06-10","315000"
"spotify:track:2ndeRWn6rZ2y4N5LY3q9wf","New Lands","Justice","Audio, Video, Disco.","2011-10-24","254493"
"spotify:track:068LmtzI6xJJDPfPnMje0U","Let It Happen","Tame Impala","Currents","2015-07-17","467585"
"spotify:track:5RYdhgj2ca3MQgxYlxYL3g","Man I Need","Jagwar Ma","Howlin","2013-06-10","216826"
"spotify:track:4nwc1TRYSEBLYNcYlZBBd2","Chan Chan","Buena Vista Social Club","Buena Vista Social Club","1997-09-16","257213"
"spotify:track:12ougG8mTHL4LEVJkJyQYf","Psyche Or Like Scope","Family of the Year","Songbook","2009","277786"
"spotify:track:5yEPxDjbbzUzyauGtnmVEC","Bitter Sweet Symphony","The Verve","Urban Hymns","1997-09-29","358426"
"spotify:track:3CRDbSIZ4r5MsZ0YwxuEkn","Stressed Out","Twenty One Pilots","Blurryface","2015-05-15","202333"
"spotify:track:2cOCunrzyHVpTrTwSIKRbt","Black & Blue","Miike Snow","Miike Snow (Deluxe Edition)","2009","219733"
"spotify:track:17xwZkgLfOgdTydy3IQdes","Ghostboy","Gabriel Rios","Ghostboy","2003","194986"
"spotify:track:0kYUrLVQOfx21xuXu7OGrT","All These Things That I've Done","The Killers","Hot Fuss","2004-06-15","301573"
"spotify:track:0Wpb5g4h9Y7ewImhqQ2dg9","Heavy Cross","Gossip","Keep Calm & Party","2016-03-11","242880"
"spotify:track:0BSUsLKmtxKWFckXM4CVTH","No Diggity","Blackstreet, Dr. Dre, Queen Pen","Hip Hop - Universal Masters","2003-01-01","305573"
"spotify:track:0wz1LjDb9ZNEYwOmDJ3Q4b","Surfin' U.S.A. - Remastered 2001","The Beach Boys","Surfin' USA (Remastered)","1963-03-25","149373"
"spotify:track:412F6l92CxvH1TXf2VOz8n","God","John Frusciante","The Empyrean","2009","204746"
"spotify:track:2FWs4EUINWeFeRqtBGpiOa","Unreachable","John Frusciante","The Empyrean","2009","371373"
"spotify:track:5YkziOZTyLXXilEZGAkY7T","Vertigo","Mini Mansions, Alex Turner","The Great Pretenders","2015-03-20","297733"
"spotify:track:4IekHBYUwUNLILgA9R22OD","Revolving Doors","Gorillaz","The Fall","2010","206093"
"spotify:track:5Q8rYTp3MkHZmKftXaC3nO","New Kids In Town","School Is Cool","Entropology","2011-11-07","191840"
"spotify:track:3ZE3wv8V3w2T2f7nOCjV0N","Life on Mars? - 2015 Remaster","David Bowie","Hunky Dory (2015 Remaster)","1971-12-17","235986"
"spotify:track:0pQskrTITgmCMyr85tb9qq","Starman - 2012 Remaster","David Bowie","The Rise and Fall of Ziggy Stardust and the Spiders from Mars (2012 Remaster)","1972-06-06","254293"
"spotify:track:1XvxLuXs8pV4EM0DNpla2b","Magnetised","Tom Odell","Magnetised","2016-04-15","237954"
"spotify:track:4AOpEhqA7zHxQjkHmRrAp7","This Girl - Kungs Vs. Cookin' On 3 Burners","Kungs, Cookin' On 3 Burners","This Girl (Kungs Vs. Cookin' On 3 Burners)","2016-02-19","195561"
"spotify:track:56kZQdPc8OUBytyxqCwhXG","Down South","Jeremy Loops, Motheo Moleko","Trading Change (Deluxe Edition)","2016-02-26","241106"
"spotify:track:0k93MXOj0kSXo84SvSDeUz","Ocean Drive","Duke Dumont","Ocean Drive","2015-07-31","206320"
"spotify:track:3672j9qcUufXuGwVoXHaeK","Mrs. Robinson","The Lemonheads","It's A Shame About Ray [Expanded Edition]","1992-06-02","224480"
"spotify:track:3G16HOjqM9VbsE2tvLnnNY","Carry On","Janne Schra","Ponzo","2015-02-13","238600"
"spotify:track:1y0FBUSxkRx5UwkDaL1JWT","Raid The Radio","General Elektriks","Good City For Dreamers (Deluxe Edition)","2009","229080"
"spotify:track:5ey0kRvJaH0Cy4TibJaNSr","Queen Of Peace - Radio Edit","Florence + The Machine","Queen Of Peace (Radio Edit)","2015-08-01","229211"
"spotify:track:0d2ayipbNKWEWyIbeNIOIx","Back To Daylight","Dub Pistols, Ashley Slater","Rum & Coke","2009-05-24","267160"
"spotify:track:0iPncBNh7VdW1krk41bnoU","Pelican","The Maccabees","Given To The Wild","2012","224786"
"spotify:track:15JwrZNa3W8WChqDuQevJy","King And Cross","Ásgeir","In The Silence","2013-10-29","212679"
"spotify:track:1752xho53oA9Hk4fp3qcss","Living (feat. Alex Clare)","Bakermat, Alex Clare","Living (feat. Alex Clare)","2016-07-15","196394"
"spotify:track:7lQqaqZu0vjxzpdATOIsDt","Starboy","The Weeknd, Daft Punk","Starboy","2016-09-22","230466"
"spotify:track:7KCRCzZ8adIMdYODWNSOhe","Take Your Mama","Scissor Sisters","Scissor Sisters (Ecopac)","2004","271906"
"spotify:track:1q9l6c8bAzqWcvO3DM6FsR","I Don't Feel Like Dancin'","Scissor Sisters","Ta-Dah","2006-01-01","288360"
"spotify:track:0Ny4yM9JFFuCUZ497ouxKe","Does Your Mother Know","ABBA","ABBA Gold","2008-01-01","193560"
"spotify:track:3XIIOCu6B8PuGq5j61asEM","The Greatest","Sia, Kendrick Lamar","The Greatest","2016","210893"
"spotify:track:1SiTNCkW0SOuvFtoxSbhEU","Naturally","RONDÉ","Naturally","2017-01-06","227245"
"spotify:track:7safX55XidhznxK5eDdDm5","I Can't Dance - Remastered 2007","Genesis","We Can't Dance","1991-11-11","241360"
"spotify:track:0ZSmRnXnP5fdANtVlCok1g","Look What You've Done","Jet","Get Born","2003","230893"
"spotify:track:0BCPKOYdS2jbQ8iyB56Zns","Clocks","Coldplay","A Rush of Blood to the Head","2002-08-27","307879"
"spotify:track:1K5bw0LkY4CmH285NsBjcd","The Emotion","BØRNS","Dopamine","2015-10-16","224786"
"spotify:track:29Pu7b0v02hZrgZJS8Hcsw","Mind Dear","Sue the Night","Mind Dear","2017-01-25","216773"
"spotify:track:1xa5lmjPwKj1LVXpxM7HHW","Flame","Sundara Karma","Flame","2016-11-11","226394"
"spotify:track:1YrC8s6yZWw23QxW6rfM9f","Come","Jain","Zanaka","2016-10-21","162266"
"spotify:track:76sAtRvVx4xIwHUJqyOpmb","Deeper Underground","Jamiroquai","Deeper Underground","1998-08-14","214200"
"spotify:track:72WZtWs6V7uu3aMgMmEkYe","You Can't Always Get What You Want","The Rolling Stones","Let It Bleed","1969-12-05","448720"
"spotify:track:5ELRkzdzz0HvGpMDlfZHkV","Sign of the Times","Harry Styles","Sign of the Times","2017-04-07","340706"
"spotify:track:3yvZ1VUso9Xi7EvIyLaj4o","Royals","Lorde","Pure Heroine","2013-01-01","190185"
"spotify:track:1sZUfl4muDcuWux6KlwaR8","Sweat","The All-American Rejects","Sweat","2017-07-07","183956"
"spotify:track:063ZCgpnoVj87cJSLmCC92","D'You Know What I Mean?","Oasis","D'You Know What I Mean?","1997","442493"
"spotify:track:2uzyiRdvfNI5WxUiItv1y9","Hocus Pocus","Focus","The Best Of Focus / Hocus Pocus (Incl WC 2010 Version of 'Hocus Pocus')","2001","402866"
"spotify:track:5n0CTysih20NYdT2S0Wpe8","Trouble","Cage The Elephant","Tell Me I'm Pretty","2015-12-18","225980"
"spotify:track:02szxJ4zOQQzR07VG9nYbW","Dead Man's Suit","Jon Allen","Dead Man's Suit","2008","231613"
"spotify:track:5dcwiQFqn0mTcWewYIv7MV","Personal Jesus","Johnny Cash","American IV: The Man Comes Around","2002-01-01","199240"
"spotify:track:4PLCvWT5c0UFXwJxQ5yh6D","British Mode","GOOSE","Bring It On","2006-09-08","237520"
"spotify:track:4LjqzH90pFrki89OoorjxD","Around - Solomun Vox","Noir, Haze","Defected Presents The Closing Party Ibiza 2012 Sampler","2012-09-07","418594"
"spotify:track:5YQdurseoDYoJMbRMfa1MH","Rainin In Paradize","Manu Chao","La Radiolina","2007","221359"
"spotify:track:3kdMzXOcrDIdSWLdONHNK5","The Sky Is A Neighborhood","Foo Fighters","Concrete and Gold","2017-09-15","244570"
"spotify:track:6BnONjR7itGMEqwxKTIlRM","Safe And Sound","Capital Cities","In A Tidal Wave Of Mystery (Deluxe Edition)","2013","192789"
"spotify:track:6QgjcU0zLnzq5OrUoSZ3OK","Feel It Still","Portugal. The Man","Woodstock","2017-06-16","163253"
"spotify:track:7iOyMOxdOULvXqUqC26spJ","Modern Jesus","Portugal. The Man","Evil Friends","2013-05-31","194053"
"spotify:track:0fk3RfZShkSWfzojy7aRuP","Much Against Everyone's Advice","Soulwax","Much Against Everyone's Advice","1999","168266"
"spotify:track:7ncTtnHuRHExZGp18vnimz","Mr. E's Beautiful Blues","Eels","Daisies Of The Galaxy","2000-02-28","258266"
"spotify:track:2ernyipGR40Ownwem1s2AB","You Don't Understand Me","The Raconteurs","Consolers of the Lonely","2008-03-05","293733"
"spotify:track:3FmAUR4SPWa3P1KyDf21Fu","Roxanne - Remastered 2003","The Police","Outlandos D'Amour (Remastered)","1978-11-02","191500"
"spotify:track:4MC8Oom2D2a7ZPQDpuVIYK","Carry On Wayward Son - Single Version","Kansas","The Best Year Of My Life: 1977","2010-04-30","205026"
"spotify:track:4SNtyKNyYJ8ERT7YLlnFBr","So Young","Portugal. The Man","Woodstock","2017-06-16","246480"
"spotify:track:1CnN9udhDokm7lARZjMji2","Killer Queen - Remastered 2011","Queen","Sheer Heart Attack (2011 Remaster)","1974-11-08","179600"
"spotify:track:1Q3t9fWvHUXKsMmpD2XpUu","Cold Cold Cold","Cage The Elephant","Tell Me I'm Pretty","2015-12-18","214383"
"spotify:track:5sNESr6pQfIhL3krM8CtZn","Numb / Encore","JAŸ-Z, Linkin Park","Numb / Encore: MTV Ultimate Mash-Ups Presents Collision Course","2004-11-30","205733"
"spotify:track:3vMT0vgfMCysGw38B2nkOD","Long As I Can See The Light","Creedence Clearwater Revival","Cosmo's Factory (40th Anniversary Edition)","1970-07-25","210866"
"spotify:track:5ZPp1V3PufN6qhAe3rLNmb","Kryptonite","3 Doors Down","The Better Life","2000","233826"
"spotify:track:7qxDU2QyH24KHW0OSGotVw","Short Change Hero","The Heavy","The House That Dirt Built","2009-10-05","322266"
"spotify:track:12beKjEPNbzxLCCGjBsR2I","Tunnel Of Love - Intro/The Carousel Waltz","Dire Straits","Making Movies (Remastered)","1980-10-17","489506"
"spotify:track:1FTSo4v6BOZH9QxKc3MbVM","Song 2 - 2012 Remaster","Blur","Blur (Special Edition)","1997-02-10","121160"
"spotify:track:6b2oQwSGFkzsMtQruIWm2p","Creep","Radiohead","Pablo Honey","1993-02-22","238640"
"spotify:track:0gr60jINHbKdcGlQ83rmaH","Full Circle","Half Moon Run","Dark Eyes","2012","181760"
"spotify:track:1by2yZWXqeTs4SRlBDsGov","Always Ascending","Franz Ferdinand","Always Ascending","2018","321413"
"spotify:track:4BfRDZLIiznSnwU7DdDL9N","Valerie (feat. Amy Winehouse) - Version Revisited","Mark Ronson, Amy Winehouse","Version","2007-06-22","219413"
"spotify:track:2s4BsyV3KhhrtsdtNfzoqb","Back To Black","Amy Winehouse","Back To Black","2006-01-01","240440"
"spotify:track:28UYYtMB9Ve9VhtlXPWAwJ","Longee","Arsenal","Oyebo Soul","2003-05-23","361760"
"spotify:track:40b31eggZB30hoqXhGm4qc","Band On The Run - Remastered 2010","Paul McCartney, Wings","Band On The Run (Standard)","1973-12-05","313026"
"spotify:track:0VLdJcQUsqHBBwqPp4CIKJ","Aeroplane","Red Hot Chili Peppers","One Hot Minute (Deluxe Edition)","1995-09-12","285066"
"spotify:track:3Obu3jvFSfgLF3pSbi64Vj","This Fire","Franz Ferdinand","Franz Ferdinand","2004-02-16","254693"
"spotify:track:1nq8dw3NmYb2RM1SmhQskC","You and Me","The Checks","Alice by the Moon","2009","267054"
"spotify:track:7J1uxwnxfQLu4APicE5Rnj","Billie Jean","Michael Jackson","Thriller","1982-11-30","293802"
"spotify:track:1LhMopPAallLeaeNutqbgS","Say Something (feat. Chris Stapleton)","Justin Timberlake, Chris Stapleton","Man of the Woods","2018-02-02","278895"
"spotify:track:7ef4DlsgrMEH11cDZd32M6","One Kiss (with Dua Lipa)","Calvin Harris, Dua Lipa","One Kiss (with Dua Lipa)","2018-04-06","214846"
"spotify:track:0b9oOr2ZgvyQu88wzixux9","This Is America","Childish Gambino","This Is America","2018-05-06","225773"
"spotify:track:5FkBFIGzG8lYFktLyZNUq6","Makeba - Radio Edit","Jain","Makeba (Radio Edit)","2016-12-02","216293"
"spotify:track:3f7ZSA22Cpzxfu7DVbDte8","La loi de Murphy","Angèle","La loi de Murphy","2017-10-23","193172"
"spotify:track:6bUNEbXT7HovLW6BgPCBsb","Roses","Outkast","Speakerboxxx/The Love Below","2003","369573"
"spotify:track:27FyvgkVgxVsRlZpKAdeby","Fresh","Kool & The Gang","True 80's Love","2008-01-01","213213"
"spotify:track:6iQdOR7NpulkD1hXkPHWvs","Don't Be So Shy - Filatov & Karas Remix","Imany, Filatov & Karas","Don't Be So Shy (Filatov & Karas Remix)","2015-12-25","190000"
"spotify:track:78jIj6Ph2364zg1ZVIvbIN","Howling - Âme Remix","Howling, RY X, Frank Wiedemann, Âme","Howling (Âme Remix)","2012-07-27","485220"
"spotify:track:0slkzFvyBWcwnjEEDtYE5E","Ultimatum - Edit","Disclosure, Fatoumata Diawara","Ultimatum","2018-05-17","213381"
"spotify:track:06Qha323s06okpZ4LmMX7P","Love Illumination","Franz Ferdinand","Right Thoughts, Right Words, Right Action (Deluxe Edition)","2013-08-26","222282"
"spotify:track:6tNDVXXaYWsBd3Mqhfelvl","Christine","Christine and the Queens","Chaleur Humaine","2014-06-02","234680"
"spotify:track:5aWhs651KYM26HYM16kRdk","The Man","The Killers","Wonderful Wonderful","2017-09-22","250093"
"spotify:track:12BbMJsJi65mxneq6c9Lm7","All That She Wants","Ace of Base","Happy Nation","1992-11-16","211213"
"spotify:track:5imShWWzwqfAJ9gXFpGAQh","Waiting On the World to Change","John Mayer","Continuum","2006-09-11","200666"
"spotify:track:0HLWvLKQWpFdPhgk6ym58n","Who Says","John Mayer","Battle Studies","2009-11-16","175480"
"spotify:track:70F5cNOc2mvAtV03yRKwId","Don't Give In","Snow Patrol","Wildness (Deluxe)","2018-05-25","239080"
"spotify:track:4hf0hL4kWyjWztZzVsM39V","God Put a Smile upon Your Face","Coldplay","A Rush of Blood to the Head","2002-08-27","297306"
"spotify:track:4Tw9JYF9HOuPRyccNWMgwf","The Hardest Part","Coldplay","X&Y","2005-06-07","262880"
"spotify:track:4UvSPIQQKjvHTcc4VfUx7d","Rainy Day","Coldplay","Viva La Vida (Prospekt's March Edition)","2008-11-24","206002"
"spotify:track:3qebSLgUwaEqbwCM5sj5Kh","Castles Made of Sand","Jimi Hendrix","Axis: Bold As Love","1967-12-01","168920"
"spotify:track:2aoo2jlRnM3A0NyLQqMN2f","All Along the Watchtower","Jimi Hendrix","Electric Ladyland","1968-10-25","240800"
"spotify:track:6d3I7THB2bONUkxOo1DvmZ","Voodoo Child (Slight Return)","Jimi Hendrix","Experience Hendrix: The Best Of Jimi Hendrix","1997-09-16","312426"
"spotify:track:0N5x5UmYcbBeHFJtCCqf62","Ruby","Kaiser Chiefs","Yours Truly, Angry Mob","2007-01-01","204200"
"spotify:track:6WrnSlcN0dzTO80mVVbBto","Do You Want To","Franz Ferdinand","You Could Have It So Much Better","2005-10-03","215000"
"spotify:track:2x8evxqUlF0eRabbW2JBJd","Fluorescent Adolescent","Arctic Monkeys","Favourite Worst Nightmare","2007-04-22","183893"
"spotify:track:7FSzJQV6thyoQptFCUTV9c","Parklife - 2012 Remaster","Blur","Parklife (Special Edition)","1994-04-25","185093"
"spotify:track:3u2s7Dppp5ID2MxKnqxFyh","Blinded by the Light","Manfred Mann's Earth Band","The Roaring Silence","1976-08-27","428133"
"spotify:track:4uR3v52pycx08b3Ygdygtc","Good God","Anouk","Who's Your Momma","2007-01-01","156000"
"spotify:track:6JV2JOEocMgcZxYSZelKcc","CAN'T STOP THE FEELING! (from DreamWorks Animation's ""TROLLS"")","Justin Timberlake","CAN'T STOP THE FEELING! (from DreamWorks Animation's ""TROLLS"")","2016-05-06","236001"
"spotify:track:1f2V8U1BiWaC9aJWmpOARe","By the Way","Red Hot Chili Peppers","By the Way (Deluxe Edition)","2002-07-09","216933"
"spotify:track:3SktMqZmo3M9zbB7oKMIF7","Gravity","John Mayer","Continuum","2006-09-11","245773"
"spotify:track:2jdAk8ATWIL3dwT47XpRfu","Slow Dancing in a Burning Room","John Mayer","Continuum","2006-09-11","241946"
"spotify:track:0uco0wQkB909zpPlHvu5Cc","Bold as Love","Jimi Hendrix","Axis: Bold As Love","1967-12-01","251013"
"spotify:track:78DwRIo6Vj6wqteyerGetr","The Heart of Life","John Mayer","Continuum","2006-09-11","199080"
"spotify:track:5piJiL6aRhvrKBa9YuEfS9","Peace Frog","The Doors","Morrison Hotel","1970-02-09","170132"
"spotify:track:3ZwxczCIlt4nA7czQaugvM","Parallel Universe","Red Hot Chili Peppers","Californication","1999-06-08","269373"
"spotify:track:2QOMGq8wVTZbLmh7McrvgF","Scar Tissue","Red Hot Chili Peppers","Californication","1999-06-08","215906"
"spotify:track:1gBGDhwhekrKYy7gqULf0t","Howlin' For You","The Black Keys","Brothers","2010-05-18","191800"
"spotify:track:2Sc2fikZMUod9wXnwTTzFx","Bad Moon Rising","Creedence Clearwater Revival","Green River (40th Anniversary Edition)","1969-08-03","141600"
"spotify:track:29capylmokCeuNAWqGitij","Brimful of Asha (Norman Cook Remix) (Single Version)","Cornershop","Brimful of Asha","1997-08-18","243666"
"spotify:track:4qO03RMQm88DdpTJcxlglY","Call Me","Blondie","Atomic/Atomix","1999-01-01","212600"
"spotify:track:7o7E1nrHWncYY7PY94gCiX","Video Killed The Radio Star","The Buggles","The Age Of Plastic","1980-01-10","252773"
"spotify:track:7N3PAbqfTjSEU1edb2tY8j","Jump - 2015 Remaster","Van Halen","1984 (Remastered)","1984-01-04","241599"
"spotify:track:1wsnCfewxZlCs7cJxkaMZM","The Way You Used to Do","Queens of the Stone Age","Villains","2017-08-25","274281"
"spotify:track:1J5ZXurCRQdFHWfOiFt12x","Sir Psycho Sexy","Red Hot Chili Peppers","Blood Sugar Sex Magik (Deluxe Edition)","1991-09-24","496626"
"spotify:track:3Fcfwhm8oRrBvBZ8KGhtea","Viva La Vida","Coldplay","Viva La Vida or Death and All His Friends","2008-06-19","242373"
"spotify:track:23qnota5Iyg4f9LNdNIC1D","Televators","The Mars Volta","Deloused in the Comatorium","2003-01-01","378786"
"spotify:track:0lHoJn6ItiUbj4jYZ6X0J4","Skinny Jeans","Le Le","Le Classics","2010-05-03","260905"
"spotify:track:4ofwffwvvnbSkrMSCKQDaC","Shotgun","George Ezra","Staying at Tamara's","2018-03-23","201287"
"spotify:track:7GuUxb5wmThI2YwksTG0OY","A Night Like This","Caro Emerald","Deleted Scenes From The Cutting Room Floor","2010-01-29","225933"
"spotify:track:3yrSvpt2l1xhsV9Em88Pul","Brown Eyed Girl","Van Morrison","Blowin' Your Mind!","1967-09","183306"
"spotify:track:4BggEwLhGfrbrl7JBhC8EC","Butterfly","Crazy Town","The Gift Of Game","2000-12-15","216733"
"spotify:track:3kXqUXnukwkpsxhW8emNC0","City Lights","Blanche","City Lights","2017-03-08","174576"
"spotify:track:1N62wozuHCvczCkY4QidpP","Over My Head (Cable Car)","The Fray","How To Save A Life","2005-09-13","236266"
"spotify:track:3n2ujlr3mCscnFFpepXAIy","She's Electric","Oasis","(What's the Story) Morning Glory?","1995-10-02","220533"
"spotify:track:1J4YoubtTxLuoKBzRIzHvv","Taylor","Jack Johnson","On And On","2003-01-01","239280"
"spotify:track:37sINbJZcFdHFAsVNsPq1i","Superheroes","The Script","No Sound Without Silence","2014-09-15","245466"
"spotify:track:08ExDOBqxTwGRrFoJXh93n","Feeler - Remastered","Pete Murray","Feeler - 10 Year Anniversary Edition","2013-11-18","262706"
"spotify:track:19cxRMqCzpYNU4wXcMj8jA","Always on My Mind","Tiki Taane","Past, Present, Future","2007-01-01","176386"
"spotify:track:6hmtNel4OKlBpBcTO7ao3o","Natural Blues","Moby","Play","1999-05-17","253773"
"spotify:track:2dpaYNEQHiRxtZbfNsse99","Happier","Marshmello, Bastille","Happier","2018-08-17","214289"
"spotify:track:50kpGaPAhYJ3sGmk6vplg0","Love Yourself","Justin Bieber","Purpose (Deluxe)","2015-11-13","233720"
"spotify:track:28PA3gq6AeM1JqgNKRqZRf","Not An Addict","K's Choice","Paradise In Me","1995-12-03","287600"
"spotify:track:1xNcBAoUw8Hz6LqK2jt4Ff","Call on Me - Radio Mix","Eric Prydz","Call on Me (Radio Mix)","2004-09-10","171360"
"spotify:track:0hCB0YR03f6AmQaHbwWDe8","Whole Lotta Love - 1990 Remaster","Led Zeppelin","Led Zeppelin II (1994 Remaster)","1969-10-22","333893"
"spotify:track:0uppYCG86ajpV2hSR3dJJ0","Give It Away","Red Hot Chili Peppers","Blood Sugar Sex Magik (Deluxe Edition)","1991-09-24","282906"
"spotify:track:3N25RDKNufh7Sz8v7fwtUP","Keep Yourself Alive - 2011 Mix","Queen","Queen (Deluxe Edition 2011 Remaster)","1973-07-13","227466"
"spotify:track:4ysz5yttr3rpRkvyVMLlRB","Now I'm Here - Live At The Hammersmith Odeon","Queen","Bohemian Rhapsody (The Original Soundtrack)","2018-10-19","265981"
"spotify:track:24KqWcpyrY1COcRPYt2ef5","Oh My God","Kaiser Chiefs","Employment","2005","214880"
"spotify:track:5BBShMsTQqCoNIGnfthNGe","Write It on Your Skin","Newton Faulkner","Write It On Your Skin","2012-07-06","193626"
"spotify:track:0wplliChn9Ikt3n9XoXt1S","Dream Catch Me","Newton Faulkner","Hand Built By Robots","2007-07-27","236253"
"spotify:track:7bJ6Lq0RCA04bxR5fFtCW6","One Day (The Reckoning Song) - Radio Edit","Arash Avidian","One Day (The Reckoning Song)","2014-06-13","179545"
"spotify:track:4kxYIvDIpWTrZgHn3sYxxC","Helicopter","Bloc Party","Silent Alarm","2005-02-02","220173"
"spotify:track:1dCaSvUR92UgJZwmNxnqZV","Zoutelande (feat. Geike)","BLØF, Geike","Aan","2017-05-19","223266"
"spotify:track:7x8dCjCr0x6x2lXKujYD34","The Pretender","Foo Fighters","Echoes, Silence, Patience & Grace","2007-09-25","269306"
"spotify:track:0ntQJM78wzOLVeCUAW7Y45","Sex on Fire","Kings of Leon","Only By The Night","2008-09-23","203346"
"spotify:track:0MKGH8UMfCnq5w7nG06oM5","Come As You Are","Nirvana","Nevermind (Deluxe Edition)","1991-09-26","218920"
"spotify:track:48YkpE5enOln5c7jXSTuHL","About A Girl - Live","Nirvana","MTV Unplugged In New York","1994-11-01","218000"
"spotify:track:26D1PRJjD9Jj1JGRk88KVc","Lithium","Nirvana","Nevermind (Deluxe Edition)","1991-09-26","257053"
"spotify:track:13QI6bq0U8HMK7gUpAwFBK","Trip Switch","Nothing But Thieves","Nothing But Thieves (Track by Track)","2015-10-09","181146"
"spotify:track:7HKez549fwJQDzx3zLjHKC","Start Me Up - Remastered 2009","The Rolling Stones","Tattoo You (2009 Re-Mastered)","1981-08-24","213066"
"spotify:track:3JvKfv6T31zO0ini8iNItO","Another Love","Tom Odell","Long Way Down (Deluxe)","2013-06-24","244360"
"spotify:track:1nQRg9q9uwALGzouOX5OyQ","Radio Ga Ga - Remastered 2011","Queen","The Works (2011 Remaster)","1984-02-27","348226"
"spotify:track:7Im5F8fliiF16D2te5rYNv","Hammer To Fall - Remastered 2011","Queen","The Works (2011 Remaster)","1984-02-27","265440"
"spotify:track:1Jmqubf9kGkWeYQXQKImL5","People Are Strange","The Doors","Strange Days","1967-09-25","130173"
"spotify:track:1YGZyfvdgZxzipWoWYVKxi","Kids In America","Kim Wilde","Kim Wilde","1981","205533"
"spotify:track:0c4IEciLCDdXEhhKxj4ThA","Madness","Muse","The 2nd Law","2012-09-24","281040"
"spotify:track:4D0X0er2rC1OBVGhmtG2tQ","Time To Give","White Lies","Time To Give","2018-09-17","458432"
"spotify:track:5UqCQaDshqbIk3pkhy4Pjg","Levels - Radio Edit","Avicii","Levels","2011-10-28","199906"
"spotify:track:1Caawnl5Q6GZ8KpiVF69SG","I Need A Dollar","Aloe Blacc","Good Things","2010-09-27","246466"
"spotify:track:5pfJsMwoRYKampPay8amX0","Downtown (feat. Melle Mel, Grandmaster Caz, Kool Moe Dee & Eric Nally)","Macklemore & Ryan Lewis, Macklemore, Ryan Lewis, Grandmaster Melle Mel, Grandmaster Caz, Kool Moe Dee, Eric Nally","This Unruly Mess I've Made","2016-02-26","292593"
"spotify:track:1TfqLAPs4K3s2rJMoCokcS","Sweet Dreams (Are Made of This) - 2005 Remaster","Eurythmics, Annie Lennox, Dave Stewart","Sweet Dreams (Are Made Of This)","1983-01-04","216933"
"spotify:track:3zBhihYUHBmGd2bcQIobrF","(Sittin' On) the Dock of the Bay - Mono","Otis Redding","The Dock of the Bay (Mono)","1968","163755"
"spotify:track:488KxWHTEgXoxBtklzxeZG","Hold On I'm Coming","Sam & Dave","10 Tops: Sam & Dave","2010-02-23","160265"
"spotify:track:5CQ30WqJwcep0pYcV4AMNc","Stairway to Heaven - Remaster","Led Zeppelin","Led Zeppelin IV (Deluxe Edition)","1971-11-08","482830"
"spotify:track:1eq1wUnLVLg4pdEfx9kajC","Rolling in the Deep","Adele","21","2011-01-19","228093"
"spotify:track:7qvxFz3JodM0A7xEM7k3YD","Chained To The Rhythm","Katy Perry, Skip Marley","Witness (Deluxe)","2017-06-09","237733"
"spotify:track:0iGckQFyv6svOfAbAY9aWJ","Hot N Cold","Katy Perry","One Of The Boys","2008-06-17","220226"
"spotify:track:4eSUuZraVjmb67iNJTvypz","Got Ma Nuts From A Hippie","The Fratellis","Costello Music","2006-01-01","191240"
"spotify:track:2TVxnKdb3tqe1nhQWwwZCO","Tiny Dancer","Elton John","Madman Across The Water","1971-11-05","377093"
"spotify:track:5chHkF70ynP9apHkT14GTe","Do Ya - 2007 Remastered Version","Dover","2","2007-11-27","179946"
"spotify:track:4c6vZqYHFur11FbWATIJ9P","There She Goes","The La's","The La's","1990","162186"
"spotify:track:2oaK4JLVnmRGIO9ytBE1bt","Dark Necessities","Red Hot Chili Peppers","The Getaway","2016-06-17","302000"
"spotify:track:409C0oCpMq7DNRojawi1cH","Mystery Repeats","Pete Philly & Perquisite, Pete Philly, Perquisite","Mystery Repeats","2007-09-10","166466"
"spotify:track:1rqqCSm0Qe4I9rUvWncaom","High Hopes","Panic! At The Disco","Pray for the Wicked","2018-06-22","190946"
"spotify:track:25sgk305KZfyuqVBQIahim","Sweet but Psycho","Ava Max","Sweet but Psycho","2018-08-17","187436"
"spotify:track:1OutzYv6YiN93lrT3pJsWR","It's My Life","No Doubt","It's My Life","2003-01-01","226053"
"spotify:track:2VxeLyX666F8uXCJ0dZF8B","Shallow","Lady Gaga, Bradley Cooper","A Star Is Born Soundtrack","2018-10-05","215733"
"spotify:track:1W6Ey5cxf0eljSaZnNVO5c","Gotta Get Up - Remastered","Harry Nilsson","Nilsson Schmilsson","1971","143893"
"spotify:track:6XRgC4KAp4upKu0v7H4tQo","Lo/Hi","The Black Keys","Lo/Hi","2019-03-07","177002"
"spotify:track:3qaSqrrevBrb84xl5JlptU","Dakota","Stereophonics","Language.Sex.Violence.Other?","2005-01-01","297426"
"spotify:track:20jhZ58fJ7xTkTudhxrWQg","Little Green Bag - Single Edit","George Baker Selection","Single Hit Collection","2003-01-01","243533"
"spotify:track:4Y3WqmBWmG23thvU9xEhMv","Easy","Faith No More","Angel Dust (Deluxe Edition)","1992","186960"
"spotify:track:2EC9IJj7g0mN1Q5VrZkiYY","Rebel Rebel - 2016 Remaster","David Bowie","Diamond Dogs (2016 Remaster)","1974-05-24","274746"
"spotify:track:4w9TBRGhvbhiLQB8jVCusl","Cheetah Tongue","The Wombats","Beautiful People Will Ruin Your Life","2018-02-09","219481"
"spotify:track:2AX5E86cn9n2dgioZEjirI","Golden Brown","The Stranglers","La Folie","1981","206760"
"spotify:track:4BP3uh0hFLFRb5cjsgLqDh","Fortunate Son","Creedence Clearwater Revival","Willy And The Poor Boys (Expanded Edition)","1969-11-02","140773"
"spotify:track:19503qDaxgCdPL2BhJngij","Apply Some Pressure","Maximo Park","A Certain Trigger","2005-05-16","200346"
"spotify:track:4SjOxVdKCnuX2pSXG68ChM","Fans","Kings of Leon","Because Of The Times","2007-04-02","216400"
"spotify:track:1SsDbcjGHregkNfEjogXpm","Re-Wired","Kasabian","Velociraptor!","2011-09-19","284186"
"spotify:track:6yIdwnpDHufLWgQcveTPMk","I Don’t Wanna Live Forever (Fifty Shades Darker)","ZAYN, Taylor Swift","I Don’t Wanna Live Forever (Fifty Shades Darker)","2016-12-09","245200"
"spotify:track:3BudLujSz6RxEtURmyqMew","Tokyo","White Lies","Tokyo","2019-01-10","292372"
"spotify:track:3o4pHqlbe6Ehev2lYnIh5T","Walk Away","Franz Ferdinand","You Could Have It So Much Better","2005-10-03","222346"
"spotify:track:4XRkQloZFcRrCONN7ZQ49Y","Give Up The Funk (Tear The Roof Off The Sucker)","Parliament","Mothership Connection","1975-12-15","348066"
"spotify:track:09v3dFgd3YwrD0U5gkNaTg","Farewell To The Fairground","White Lies","To Lose My Life ...","2009","256573"
"spotify:track:64IcdRqfcN5rwqSqJpQDDe","In The Morning","Razorlight","Razorlight","2006-01-01","222453"
"spotify:track:5sCjd47MEpd7vkvhYukANl","Ulysses","Franz Ferdinand","Tonight","2009-01-27","193573"
"spotify:track:5WZl5j5HCc0xDhuJhRGSkW","Mistress Mabel","The Fratellis","Here We Stand (other BPs international)","2008-01-01","267466"
"spotify:track:2Vim06YsRb4uJRpbeq6NR6","Hush - 1998 Remaster","Deep Purple","Shades of Deep Purple","1968-07-01","266840"
"spotify:track:4R7kumtHnf5SsKyPYrVO5r","Autumn Sweater","Yo La Tengo","I Can Hear The Heart Beating As One","1997-04-22","318373"
"spotify:track:1G391cbiT3v3Cywg8T7DM1","Scar Tissue","Red Hot Chili Peppers","Californication (Deluxe Edition)","1999-06-08","215906"
"spotify:track:05KqIX6uLMfirw5KkjRNTO","Morning Glory","Oasis","(What's the Story) Morning Glory?","1995-10-02","303533"
"spotify:track:3wOKvS2aaiIj86KnAzMbV0","In My Head","Queens of the Stone Age","Lullabies To Paralyze","2005-01-01","241200"
"spotify:track:5CeL9C3bsoe4yzYS1Qz8cw","Girls & Boys","Blur","Blur: The Best Of","2000-10-30","259385"
"spotify:track:5lmGgOaixbwKHtpTzjJoqx","Under My Thumb","The Rolling Stones","Aftermath","1966-04-15","221533"
"spotify:track:1tNJrcVe6gwLEiZCtprs1u","3 Nights","Dominic Fike","Don't Forget About Me, Demos","2018-10-16","177666"
"spotify:track:05oETzWbd4SI33qK2gbJfR","Rhiannon","Fleetwood Mac","Fleetwood Mac","1975-07-11","252773"
"spotify:track:6H3kDe7CGoWYBabAeVWGiD","Gimme Shelter","The Rolling Stones","Let It Bleed","1969-12-05","270773"
"spotify:track:3UDmHZcBTQp8Iu8droNtUl","Revolution - Remastered 2009","The Beatles","The Beatles 1967 - 1970 (Remastered 2009)","1973-04-02","205293"
"spotify:track:0nCAVzknkzRXRgB6LhRv04","Molly's Chambers","Kings of Leon","Youth And Young Manhood","2003-08-19","134906"
"spotify:track:10Nmj3JCNoMeBQ87uw5j8k","Dani California","Red Hot Chili Peppers","Stadium Arcadium","2006-05-09","282160"
"spotify:track:6L89mwZXSOwYl76YXfX13s","Basket Case","Green Day","Dookie","1994-02-01","181533"
"spotify:track:3E6iea9uEmB7gRru4lyP6h","Stop This Train","John Mayer","Continuum","2006-09-11","285133"
"spotify:track:3kMrazSvILsgcwtidZd1Qd","Bulletproof","La Roux","La Roux","2009","205733"
"spotify:track:5uaTTqWkH3Yc5mUJoQIaNk","Armour Love","La Roux","La Roux","2009","233133"
"spotify:track:7C4q3iDYe1EwGAgXUKKtwU","Sexotheque","La Roux","Trouble In Paradise","2014-01-01","258946"
"spotify:track:1MmDfBzGsWKXb0rQfTyvOy","After the Disco","Broken Bells, Danger Mouse, James Mercer","After the Disco","2014-01-13","219290"
"spotify:track:1Na29wiC0macG2Va6DXvJ5","Comme elle vient","Noir Désir","666.667 Club","1996-01-01","145066"
"spotify:track:6T3nXjGX5dEbBesG68QZRZ","Strobe","Sparkee","Strobe","2018-02-16","219062"
"spotify:track:4AjBIRQNZDDVB0MrGlQHvB","Get Yourself Together","The Black Keys","""Let's Rock""","2019-06-28","236941"
"spotify:track:3xxBAMUVusDLjLFwwL9qoY","Always On The Run","Lenny Kravitz","Mama Said","1991-04-02","233066"
"spotify:track:5K9kCwY1e68H7JxU6893Uv","Walkabout","Red Hot Chili Peppers","One Hot Minute (Deluxe Edition)","1995-09-12","307093"
"spotify:track:5y7IfSDhBHFVnlGj1UrlA1","Detroit","Red Hot Chili Peppers","The Getaway","2016-06-17","226640"
"spotify:track:70wYA8oYHoMzhRRkARoMhU","When You Were Young","The Killers","Sam's Town","2006-09-27","220426"
"spotify:track:3rXCnvL6xP83VsYUg4rm7e","Whistle For The Choir","The Fratellis","Costello Music","2006-01-01","215813"
"spotify:track:4VqPOruhp5EdPBeR92t6lQ","Uprising","Muse","The Resistance","2009-09-10","304840"
"spotify:track:6tsojOQ5wHaIjKqIryLZK6","All My Life","Foo Fighters","One By One (Expanded Edition)","2002-10-22","263440"
"spotify:track:4dVbhS6OiYvFikshyaQaCN","My Hero","Foo Fighters","The Colour And The Shape","1997-05-20","260026"
"spotify:track:3ET8TZWF5sP4SPfJK1lKun","Strange Brew","Cream","Disraeli Gears","1967-11-02","166600"
"spotify:track:385Z5UTDZvJMvhOAiURcHY","We Gotta Get Out of This Place","The Animals","Goodbye Baby","2006-11-29","307153"
"spotify:track:1lhSSsvsrVGVkWhdMBRR39","Blue Jeans","Lana Del Rey","Born To Die - The Paradise Edition","2012-11-12","209440"
"spotify:track:77oU2rjC5XbjQfNe3bD6so","Beast Of Burden - Remastered 1994","The Rolling Stones","Some Girls","1978-06-09","265173"
"spotify:track:3SSdi65qoBl2FdsBWtccre","Video Games","Lana Del Rey","Born To Die","2012-01-30","281946"
"spotify:track:2rbDhOo9Fh61Bbu23T2qCk","Always Remember Us This Way","Lady Gaga","A Star Is Born Soundtrack (Without Dialogue)","2018-10-05","210200"
"spotify:track:1SKPmfSYaPsETbRHaiA18G","Somewhere Only We Know","Keane","Hopes And Fears","2004-05-10","237146"
"spotify:track:2Fxmhks0bxGSBdJ92vM42m","bad guy","Billie Eilish","WHEN WE ALL FALL ASLEEP, WHERE DO WE GO?","2019-03-29","194087"
"spotify:track:0yac0FPhLRH9i9lOng3f81","Everybody's Changing","Keane","Hopes And Fears","2004-05-10","215880"
"spotify:track:70VjMtwhm3Q2HBQeJnPfmh","Hung Up","Madonna","Celebration (double disc version)","2009-09-18","336880"
"spotify:track:390AWnOn2rfe9FzQjYmxIH","Wicked Game","Chris Isaak","Best of Chris Isaak (Remastered)","2006","286880"
"spotify:track:2wMby9pciuGUIP8q7y4Yn6","Born To Die","Lana Del Rey","Born To Die (Deluxe Version)","2012-01-01","286253"
"spotify:track:3sYDVtqO35oRSOIMx7dOqR","Freak","Lana Del Rey","Honeymoon","2015-09-18","295093"
"spotify:track:32BEasyNQgqXQJKoVa0fUw","Black Smoke Rising","Greta Van Fleet","From The Fires","2017-11-10","259893"
"spotify:track:0y1QJc3SJVPKJ1OvFmFqe6","Way down We Go","KALEO","A/B","2016-06-10","213706"
"spotify:track:4qNdNbZ2qSAQhlSYJVYu6b","The Cold Wind","Greta Van Fleet","Anthem Of The Peaceful Army","2018-10-19","196546"
"spotify:track:3RIgHHpnFKj5Rni1shokDj","Norman fucking Rockwell","Lana Del Rey","Norman Fucking Rockwell!","2019-08-30","248934"
"spotify:track:2ZMI0QNoqU9fQZFirR9WpK","When The Curtain Falls","Greta Van Fleet","Anthem Of The Peaceful Army","2018-10-19","222960"
"spotify:track:3Xls4cNOwy01dtrNXb1inG","White Room","Cream","Wheels Of Fire","1968-07-01","298333"
"spotify:track:61UuPxxYUvacEH6SHIK3sU","Brown Sugar - Remastered 2009","The Rolling Stones","Sticky Fingers (Remastered)","1971-04-23","228666"
"spotify:track:0UAJH0k4k3slcE83a9UGCe","Lola","The Kinks","Lola Versus Powerman and the Moneygoround, Pt. One","1970-11-27","241040"
"spotify:track:4ffoKyYY6ElVpxUpE48jOc","Thrown Down","Fleetwood Mac","Say You Will","2003-04-15","240986"
"spotify:track:1Eolhana7nKHYpcYpdVcT5","Little Wing","Jimi Hendrix","Axis: Bold As Love","1967-12-01","145746"
"spotify:track:5QTxFnGygVM4jFQiBovmRo","(Don't Fear) The Reaper","Blue Öyster Cult","Agents Of Fortune","1976","308123"
"spotify:track:0qjfjKFoP7LaqLI2KI9M1Q","Monday Morning","Fleetwood Mac","Fleetwood Mac","1975-07-11","167840"
"spotify:track:4JRem7xHp2l0kmUvt9zCKu","Golden Years - 2016 Remaster","David Bowie","Station to Station (2016 Remaster)","1976-01-23","243280"
"spotify:track:5nNZTUzinBDsnj3U76NJFC","And She Was - 2005 Remaster","Talking Heads","Little Creatures","1985-07-10","219413"
"spotify:track:16XeptMdlJTWWeIrwEAOvv","Old Man - 2009 Remaster","Neil Young","Harvest (2009 Remaster)","1972-02-14","202146"
"spotify:track:5e9TFTbltYBg2xThimr0rU","The Chain - 2004 Remaster","Fleetwood Mac","Rumours (Super Deluxe)","1977-02-04","270213"
"spotify:track:54DIzLw4LLxB3n1XiiQftU","Age Of Man","Greta Van Fleet","Anthem Of The Peaceful Army","2018-10-19","366186"
"spotify:track:7aOor99o8NNLZYElOXlBG1","Highway Tune","Greta Van Fleet","From The Fires","2017-11-10","180640"
"spotify:track:6VoIBz0VhCyz7OdEoRYDiA","Say It Ain't So - Original Mix","Weezer","Weezer","1994-05-10","258826"
"spotify:track:0KDgzTszGzPjsNtf2TktOy","I Wish I Was Someone Better","Blood Red Shoes","Box Of Secrets","2008-01-01","227648"
"spotify:track:1HNywa8Bk0TmzRwQrzhtPo","I Guess I Just Feel Like","John Mayer","I Guess I Just Feel Like","2019-02-22","286426"
"spotify:track:7Kohy4v3KLWfUXlv9N3feB","Neon","John Mayer","Room For Squares","2001-08-16","262106"
"spotify:track:0CETmgFGt8Ne8vLnaLcduU","Queen of California","John Mayer","Born and Raised","2012-05-21","249307"
"spotify:track:4XYQtNf5BxGeAiwR0YU2Gn","Big Love - Live at Warner Brothers Studios in Burbank, CA 5/23/97","Fleetwood Mac","The Dance","1997","186160"
"spotify:track:4h5m56ExHLPUC9NGz7U1Qa","Candy","Paolo Nutini","Sunny Side Up","2009-05-29","298693"
"spotify:track:3Nulb5PvxS4S3Smn4Tm2kx","No No No","Paolo Nutini","Last Request","2006-10-14","161666"
"spotify:track:4LGJ2pLDvTRnul3EcZoYkX","Like Real People Do","Hozier","Hozier","2014-09-19","198029"
"spotify:track:0fEKxq1mghyT0b867l4Jaf","To Be Alone","Hozier","Hozier","2014-09-19","323639"
"spotify:track:0cJPLFrlV7TTCyPLupHzcH","Won't Get Fooled Again - Original Album Version","The Who","Who's Next (Deluxe Edition)","1971-08-14","511400"
"spotify:track:3EAFamlgsYPA3HijLUPszI","She Sells Sanctuary (2009 Re-master)","The Cult","Love (Expanded Edition)","1985","262493"
"spotify:track:0fPJXQm1HSCJYai87MPiIz","Easy Money","Johnny Marr","Playland","2014-09-30","243188"
"spotify:track:2SMn57cBVxoD4TArscpovk","Islands","The xx","xx","2009-08-16","160720"
"spotify:track:0cnouzAiEjdjXB5xVVQ8Vo","Science & Faith","The Script","Science & Faith","2010-09-13","259880"
"spotify:track:1PXsUXSM3LF2XNSkmIldPb","Little Black Submarines","The Black Keys","El Camino","2011-12-06","251266"
"spotify:track:2IKyDPpycZs5JcE3DKOsu9","Gotor","Waltzburg","Cut The Wire","2019-10-11","194792"
"spotify:track:6FRwDxXsvSasw0y2eDArsz","Sunshine Of Your Love","Cream","Disraeli Gears","1967-11-02","250000"
"spotify:track:4Fa8wvUQd5jS4Xz5aNdgPW","Baby Don't You Lie to Me!","The Fratellis","Eyes Wide, Tongue Tied (Deluxe)","2015-08-21","227786"
"spotify:track:5fztgDIt1Nq32VHJrAHq0Y","Big Yellow Taxi","Counting Crows, Vanessa Carlton","Hard Candy","2002-01-01","226826"
"spotify:track:1YwNlWLf8auhazSQUDQLFU","Enjoy the Silence - Single Mix","Depeche Mode, Daniel Miller, Phil Legg","Enjoy the Silence","1990","257333"
"spotify:track:3cg0dJfrQB66Qf2YthPb6G","The Thrill Is Gone","B.B. King, Tracy Chapman","Deuces Wild","1997-11-04","301133"
"spotify:track:5x7Oxaa9EEIx9nw17CC5yW","Chains And Things","B.B. King","Indianola Mississippi Seeds","1970-01-01","293733"
"spotify:track:5YUJMvTg4AWHKjqQidTsGK","Ever Fallen in Love (With Someone You Shouldn't've?) - 1996 Remastered Version","Buzzcocks","Love Bites","1978","163693"
"spotify:track:4fPBB44eDH71YohayI4eKV","You Only Live Once","The Strokes","First Impressions Of Earth","2006-01-03","189226"
"spotify:track:5EWPGh7jbTNO2wakv8LjUI","Free Bird","Lynyrd Skynyrd","Pronounced' Leh-'Nerd 'Skin-'Nerd","1973-01-01","547106"
"spotify:track:0bXXS6vDPI1JdQp3Xo7E2D","Jerusalem","Anouk","Hotel New York","2004-10-25","235760"
"spotify:track:2EgXxAmplrAVqIzdZBVsqJ","Automatic Driver","La Roux","Supervision","2020-02-07","305106"
"spotify:track:6RzgPHcskf53hIchmkntxh","Tigerlily","La Roux","La Roux","2009","204666"
"spotify:track:3iYUYQZidlttLNt0iw7QD9","Momentary Bliss (feat. slowthai and Slaves)","Gorillaz, slowthai, SOFT PLAY","Song Machine Episode 1","2020-01-30","221386"
"spotify:track:7jYUaoOfdcYgUvkK8NnFfx","Tranz","Gorillaz","The Now Now","2018-06-29","162626"
"spotify:track:652hWPdOUIkKv3a4HJDzBv","Slapeloze Nachten","The Opposites","Slapeloze Nachten","2012-01-01","229160"
"spotify:track:21YMiAQTystq882x5Sh0R5","Death of a Martian","Red Hot Chili Peppers","Stadium Arcadium","2006-05-09","264800"
"spotify:track:2qqpCsJmcWRuKJytvLNBk4","Hey DJ","The Opposites","Slapeloze Nachten","2013-01-01","198293"
"spotify:track:172u95XX2JxIfBZi1v0vKN","Banquet","Bloc Party","Silent Alarm","2005-02-02","201360"
"spotify:track:2m9L38IcOCraTHrtz58pr9","Here Comes the Summer","Moke","Shorland (Limited Festival Edition)","2008-05-19","238013"
"spotify:track:4iG2gAwKXsOcijVaVXzRPW","Time to Pretend","MGMT","Oracular Spectacular","2007-12-14","261000"
"spotify:track:0w21XZhGlmIexgtDpmtnzT","L.S.F.","Kasabian","Kasabian/Empire","2004","196853"
"spotify:track:0F7FA14euOIX8KcbEturGH","Old Town Road","Lil Nas X","7","2019-06-21","113000"
"spotify:track:3ZCTVFBt2Brf31RLEnCkWJ","everything i wanted","Billie Eilish","everything i wanted","2019-11-13","245425"
"spotify:track:41Az1BCotlAUt7Ud8k6H2Y","Sunsets For Somebody Else","Jack Johnson","All The Light Above It Too","2017-09-08","210466"
"spotify:track:5cdCm7mCN3kGVuLHDCX7It","No Good With Faces","Jack Johnson","To The Sea","2010-01-01","211306"
"spotify:track:5GrY7sz8KXGFVT7s1UWoaV","Red Wine, Mistakes, Mythology","Jack Johnson","To The Sea","2010-01-01","243266"
"spotify:track:6YXPye0mFJBNov8pmihMAP","Sleep Through The Static","Jack Johnson","Sleep Through The Static","2008","223400"
"spotify:track:64c45et47VnSv04LvzLt4C","Opportunity","Pete Murray","See The Sun","2006-08-19","217000"
"spotify:track:2aWSJnIgcLbFJnKi44xhNL","George's Helper","Pete Murray","See The Sun","2006-08-19","230746"
"spotify:track:6bS7DqTuzrpkluB7boWmw2","America","Razorlight","Razorlight","2006-01-01","249760"
"spotify:track:1aiDlPLPljMFUylWjMZras","Something Like Olivia","John Mayer","Born and Raised","2012-05-21","181346"
"spotify:track:5LRxSyiIRHQD26h1mdM0Ir","My Friend","Groove Armada","Goodbye Country (Hello Nightclub)","2001-07-11","300266"
"spotify:track:6wVWJl64yoTzU27EI8ep20","Crying Lightning","Arctic Monkeys","Humbug","2009-08-20","224826"
"spotify:track:1OZSVl0JJ1MBzibpuhmmXb","One Day Like This","Elbow","The Seldom Seen Kid","2008-01-01","394173"
"spotify:track:2mLgOcRkEgq89j8WstUpui","Spies","Coldplay","Parachutes","2000-07-10","318773"
"spotify:track:0qksx8mV28lztYIZ1om8ml","Shiver","Coldplay","Parachutes","2000-07-10","304200"
"spotify:track:4JJ5zGKnb1IpERyBrfmb1y","A Rush of Blood to the Head","Coldplay","A Rush of Blood to the Head","2002-08-27","351400"
"spotify:track:2uQ4px5SPONsgcUpulywIQ","Amsterdam","Coldplay","A Rush of Blood to the Head","2002-08-27","319360"
"spotify:track:4TOMI010Sd4ZAX4aZ5TS85","Perfect Day","Lou Reed","Transformer","1972-12-01","226509"
"spotify:track:6ebxt3Iylxe0GcEuUGlIvb","Dreaming of You","The Coral","The Coral","2002-02-26","141000"
"spotify:track:0DQqzCHlPyKQXfF8uL01SI","Sunny Afternoon","The Kinks","Face to Face (Deluxe)","1966-10-28","210525"
"spotify:track:0Fe3WxeO6lZZxj7ytvbDUh","Dashboard","Modest Mouse","We Were Dead Before The Ship Even Sank","2007-03-20","246173"
"spotify:track:5op53ANI4exiWqFHKuwWxd","The World At Large","Modest Mouse","Good News For People Who Love Bad News","2004-04-05","272506"
"spotify:track:2sDFknh1dm8xiCnE3885k2","Gamma Ray","Beck","Modern Guilt","2008-01-01","176920"
"spotify:track:3PV0OEKHmr6hVJp4QOMtyW","The Way We Get By","Spoon","Kill the Moonlight","2002-08-20","160093"
"spotify:track:7hKUCLusrrWq0fSeYbuXh0","Een Barkie","De Jeugd Van Tegenwoordig","""Ja, natúúrlijk!""","2013-01-01","324573"
"spotify:track:3Pgtvva5mLT5VGrgWWdldt","Warm Tape","Red Hot Chili Peppers","By the Way (Deluxe Edition)","2002-07-09","255973"
"spotify:track:3aKJVWH2QOsaMtiCLxYHZX","Lake Of Fire","Nirvana","MTV Unplugged In New York","1994-11-01","175906"
"spotify:track:2q3QiISGrmhgRZgkdxV6NA","Love's Dart","Django Django","Django Django","2012-01-23","229533"
"spotify:track:2EzyF6aTHojdWfppKtEbez","Angel Of Small Death & The Codeine Scene","Hozier","Hozier (Deluxe)","2014-05-20","219214"
"spotify:track:1LDcCLaRwuZRlCE46FGm5R","Storm","Django Django","Django Django","2012-01-23","194306"
"spotify:track:5ji2Yyz5mrI7se29083mpf","Lucid Dreams","Franz Ferdinand","Tonight","2009-01-27","476333"
"spotify:track:3ccZwHLiq3Ga9wlw0eYNRE","Old Pine","Ben Howard","Every Kingdom (Deluxe Edition)","2011-01-01","328506"
"spotify:track:13bEwk7dTy0RdOAY3ZNNBD","Golden Touch","Razorlight","Up All Night","2004","205213"
"spotify:track:29XVbWmiPzT3TjpPphpKvC","Bite Hard","Franz Ferdinand","Tonight","2009-01-27","206413"
"spotify:track:36gPq8WG7tDxrblyGVUCiT","Up Around The Bend","Creedence Clearwater Revival","Cosmo's Factory (Expanded Edition)","1970-07-25","161466"
"spotify:track:0i19MAZbyn8uTir7FprXId","Oh! Sweet Nuthin' - 2015 Remaster","The Velvet Underground","Loaded: Re-Loaded 45th Anniversary Edition","1970","445186"
"spotify:track:1GcVa4jFySlun4jLSuMhiq","Angie - Remastered 2009","The Rolling Stones","Goats Head Soup (Remastered 2009)","1973-08-31","272000"
"spotify:track:7cX4PJz1old9fyFI8RlfgW","Read My Mind","The Killers","Sam's Town","2006-09-27","246840"
"spotify:track:5TB6QgrF0RPIxSCGfRDLoe","We Never Change","Coldplay","Parachutes","2000-07-10","249400"
"spotify:track:0DHz6kgiD8Fw26jdHNNYKo","New York Morning","Elbow","The Take Off And Landing Of Everything","2014-01-01","319907"
"spotify:track:5gz38AxRkD6Ywxd4fr2pLj","Street Spirit (Fade Out)","Radiohead","The Bends","1995-03-28","253853"
"spotify:track:4ggJO4tFslcHUjaRJaapDy","Deadcrush","alt-J","RELAXER","2017-06-02","232013"
"spotify:track:5ong0qV1LTNeE4hAmRJM1b","3WW","alt-J","RELAXER","2017-06-02","300106"
"spotify:track:3bmxsQVFi8k7qfM5ULU8Me","In Cold Blood","alt-J","RELAXER","2017-06-02","206853"
"spotify:track:4zohK59ouRruiqESaTcOZW","My Mind Is For Sale","Jack Johnson","All The Light Above It Too","2017-09-08","239840"
"spotify:track:0KM2y796j63t5RHhvRUxld","Relax, Take It Easy","MIKA","Life In Cartoon Motion","2006-01-01","270000"
"spotify:track:2SDx0PooHZI1SQKR0y44bs","Grace Kelly","MIKA","Life In Cartoon Motion","2006-01-01","187733"
"spotify:track:3nIkuSK2a9ROaMGSm82rvO","Something Beautiful","Robbie Williams","Escapology","2002","288733"
"spotify:track:7rQiW2mJDbP77h2RLlASTw","Supreme","Robbie Williams","Sing When You're Winning","2000-01-01","258399"
"spotify:track:1CmUZGtH29Kx36C1Hleqlz","Thrift Shop (feat. Wanz)","Macklemore & Ryan Lewis, Macklemore, Ryan Lewis, Wanz","Thrift Shop (feat. Wanz)","2013-01-14","235613"
"spotify:track:6KZm5JrLQXYU61rrUJmtzR","Feel The Love - Radio Edit","Rudimental, John Newman","3FM - 36 Serious Tracks [2]","2012-01-01","219146"
"spotify:track:7IdFdRlCjUi6kkhbPoRfnw","99 Problems","JAŸ-Z","The Black Album","2003-11-14","234626"
"spotify:track:2iUmqdfGZcHIhS3b9E9EWq","Everybody Talks","Neon Trees","Picture Show","2012-01-01","177280"
"spotify:track:4h8VwCb1MTGoLKueQ1WgbD","Wake Me Up","Avicii","True","2013-09-13","247426"
"spotify:track:67WTwafOMgegV6ABnBQxcE","Some Nights","fun.","Some Nights","2012-02-14","277040"
"spotify:track:6fNhZRFEkBfgW39W3wKARJ","Pompeii","Bastille","Bad Blood","2013-01-01","214147"
"spotify:track:62yJjFtgkhUrXktIoSjgP2","Radioactive","Imagine Dragons","Night Visions","2012-09-04","186813"
"spotify:track:4y6c5vMzKKM3KsMbHtjKx5","Stronger","Kanye West","Graduation (UK Version)","2007-09-11","311866"
"spotify:track:2eGHyarZyRvUgFI4d3G8GN","Electric Feel - Justice Remix","MGMT, Justice","Electric Feel (Justice Remix)","2008-07-15","327386"
"spotify:track:0PgNhIg5n0UAOBVn43b8b6","The Adventures of Rain Dance Maggie","Red Hot Chili Peppers","I'm with You","2011-08-29","282400"
"spotify:track:37kTASujIfZZ27NV7PfIrf","Hard to Concentrate","Red Hot Chili Peppers","Stadium Arcadium","2006-05-09","241840"
"spotify:track:5LzrZuWFaYjBIAhrb1sBOk","Condolence","Benjamin Clementine","At Least For Now","2014-01-12","390240"
"spotify:track:3L2Nyi3T7XabH8EEZFLDdX","Wet Sand","Red Hot Chili Peppers","Stadium Arcadium","2006-05-09","309800"
"spotify:track:6gTdrud3duWIBg8r2YdjOL","So Much I","Red Hot Chili Peppers","Stadium Arcadium","2006-05-09","224440"
"spotify:track:2VOomzT6VavJOGBeySqaMc","Disturbia","Rihanna","Good Girl Gone Bad: Reloaded","2008-06-02","238626"
"spotify:track:5ysoOv0fioDRL3LOglSnUO","Brief Encounters","Franz Ferdinand","Right Thoughts, Right Words, Right Action (Deluxe Edition)","2013-08-26","189240"
"spotify:track:6NlE71TbUglmKQVLhE1H8R","Evil Eye","Franz Ferdinand","Right Thoughts, Right Words, Right Action (Deluxe Edition)","2013-08-26","167253"
"spotify:track:672OPoMLUfQd0E3LMQwhKG","Dream Again","Franz Ferdinand","Tonight","2009-01-27","198320"
"spotify:track:71X3VM0cKLMEQGTovnH8sy","Lucid Dreams","Franz Ferdinand","Tonight","2009-01-27","476333"
"spotify:track:0VjIjW4GlUZAMYd2vXMi3b","Blinding Lights","The Weeknd","After Hours","2020-03-20","200040"
"spotify:track:7s4qhv3Txiv4oFWUccJsci","Monsoon","Jack Johnson","Sleep Through The Static","2008","256813"
"spotify:track:3lGqz047x1WtLJjMV0tdA4","High Tide Or Low Tide","Ben Harper, Jack Johnson","Jack Johnson & Friends: Best Of Kokua Festival, A Benefit For The Kokua Hawaii Foundation","2012-01-01","304053"
"spotify:track:4yOU9FaCmFFo2qfy1FHIe3","Désenchantée","Kate Ryan","Different","2002-01-01","218533"
"spotify:track:79DO6dBi8936P6EShLB209","Lightning Bolt","Jake Bugg","Jake Bugg","2012-01-01","144013"
"spotify:track:0pzjcWYkyynxhONSm5C8Cu","My Doorbell","The White Stripes","Get Behind Me Satan","2005-06-07","241866"
"spotify:track:0bXhjlgUddDlJzHOeVM4Tq","Never Miss A Beat","Kaiser Chiefs","Off With Their Heads","2008-01-01","186946"
"spotify:track:3Hx7RXqCS7Kzjy2ot2q1Gk","Fever","The Black Keys","Turn Blue","2014-05-06","246306"
"spotify:track:7xyYsOvq5Ec3P4fr6mM9fD","Hysteria","Muse","Absolution","2004-03-23","227440"
"spotify:track:3lYQM1tw5LAfwnfMMYWWIM","I Like Birds","Eels","Daisies Of The Galaxy","2000-02-28","151800"
"spotify:track:1iVmsZklxgZJERS5eocfM2","0=2","Omar Rodríguez-López, John Frusciante","GSL's Special Twelve Singles Series","2006-10-03","247480"
"spotify:track:14f6jZAEm43fqsrrZpYVeT","Ones And Zeros","Jack Johnson","From Here To Now To You","2013-01-01","267360"
"spotify:track:6MN6yRVriszuyAVlyF8ndB","Coffee Cold","Galt MacDermot","Shapes of Rhythm/Woman Is Sweeter","2000-01-01","205720"
"spotify:track:7BZLNqU7zChzcnSo6ETJ5l","Rotterdam (Or Anywhere)","The Beautiful South","Blue Is The Colour","1996-01-01","215893"
"spotify:track:5lT24WGcl9tV00wwKNpJQ6","NEEN","Le Le","Partytime","2012-01-01","207200"
"spotify:track:2GEKAhY3g7aRlpidLrqe6W","Surfen","Typhoon","Lobi Da Basi","2014-06-17","264541"
"spotify:track:383QXk8nb2YrARMUwDdjQS","Psycho","Muse","Drones","2015-06-04","316717"
"spotify:track:5MxNLUsfh7uzROypsoO5qe","Dream On","Aerosmith","Aerosmith","1973-01-05","266960"
"spotify:track:2igwFfvr1OAGX9SKDCPBwO","Empire State Of Mind","JAŸ-Z, Alicia Keys","The Blueprint 3","2009-09-08","276920"
"spotify:track:0iYBNrznkCwhN3xCmNVJpo","You're The One","Greta Van Fleet","Anthem Of The Peaceful Army","2018-10-19","266933"
"spotify:track:3yO1OjqT59JyjHaQZcCYDX","Burning Down the House - 2005 Remaster","Talking Heads","Speaking in Tongues (Deluxe Version)","1983-05-31","241773"
"spotify:track:0Zxwj1KVH3xhqtaFP741KG","The Angry Mob","Kaiser Chiefs","Yours Truly, Angry Mob","2007-01-01","286866"
"spotify:track:0O1id6uK60juxOn5odYjzt","Chariot","Gavin DeGraw","Chariot","2003-01-01","239693"
"spotify:track:6Vecwo7AHst9V2CE3kmwr0","No Such Thing","John Mayer","Room For Squares","2001-08-16","231466"
"spotify:track:7hR5toSPEgwFZ78jfHdANM","Half of My Heart","John Mayer","Battle Studies","2009-11-16","250373"
"spotify:track:0fiB5cRA2lngpF06X1Ou4u","Bang Bang You're Dead","Dirty Pretty Things","Waterloo To Anywhere","2006-01-01","212200"
"spotify:track:1bpo7csRNPoW01SGPbGclM","Get Off","The Dandy Warhols","Thirteen Tales From Urban Bohemia","2000-01-01","190960"
"spotify:track:6Zz5CiVpQk2Fz2nV8m3YQm","Angela","The Lumineers","Cleopatra","2016-04-08","201785"
"spotify:track:5Ps9XMq4PDMDCNnp4JfYiI","Flipside","Norah Jones","Day Breaks","2016-10-05","221293"
"spotify:track:1k9fcGWwrnyuij2Lvd3OHs","Better People","Xavier Rudd","White Moth","2007-01-01","185213"
"spotify:track:3fXj9X3BxYm0yrJfq1Z90W","Sunshine","Matt Costa","Songs We Sing","2006-01-01","156933"
"spotify:track:42cxPm9jgbaxIVN77XA1m6","Tender","Blur","13","1999","461946"
"spotify:track:2jZgzSxNSg1hTCq0ewWHGJ","Junk Of The Heart (Happy)","The Kooks","Junk Of The Heart","2011-01-01","187253"
"spotify:track:5LZSXhywLD0CXBPQs3ULoL","The Bucket","Kings of Leon","Aha Shake Heartbreak","2005-02-22","175694"
"spotify:track:2fyIS6GXMgUcSv4oejx63f","Mardy Bum","Arctic Monkeys","Whatever People Say I Am, That's What I'm Not","2006-01-29","175440"
"spotify:track:4CRpOsjhvgxjF7rQufmyZ1","Inbetween Days","The Cure","The Head On The Door","1985-08-26","177986"
"spotify:track:3pzJXZ1PW3l3B69PoTx5lC","Everything Is Everything","Phoenix","Alphabetical","2004-03-19","178613"
"spotify:track:10nyNJ6zNy2YVYLrcwLccB","No Surprises","Radiohead","OK Computer","1997-05-28","229120"
"spotify:track:5eSllZgRWCIJsDTAqFRwQw","Coffee & TV","Blur","13","1999","358773"
"spotify:track:2pmN85k5m9nO1rWaCDdrNE","Let Love Rule","Lenny Kravitz","Let Love Rule","1989-09-19","342160"
"spotify:track:6lRkdG1HurVS72F9GoBeWJ","Good Thing","Fine Young Cannibals","The Raw & The Cooked","1988-01-01","201866"
"spotify:track:0a4agFmqHXxcZl1nho1BxM","Heart Of Glass - Special Mix","Blondie","Best Of Blondie","1981-10-31","275733"
"spotify:track:3whmx5Ptrqzx2c101FJFi3","Help Me Lose My Mind","Disclosure, London Grammar","Settle (Deluxe Version)","2013-06-03","244174"
"spotify:track:0IMJIkOxtCFnmOmrpIH08O","Wings","Armand Van Helden","Extra Dimensional","2016-11-25","181967"
"spotify:track:2cGxRwrMyEAp8dEbuZaVv6","Instant Crush (feat. Julian Casablancas)","Daft Punk, Julian Casablancas","Random Access Memories","2013-05-20","337560"
"spotify:track:4lxGVzcUaSF5HW5jtWnShV","Long Nights","Eddie Vedder","Into The Wild (Music For The Motion Picture)","2007-09-18","151773"
"spotify:track:1yZFWn5IOy4spqLgJmMLmU","Traffic In The Sky","Jack Johnson","On And On","2003-01-01","170946"
"spotify:track:27vTihlWXiz9f9lJM3XGVU","Slow Hands","Niall Horan","Slow Hands","2017-05-04","188174"
"spotify:track:11607FzqoipskTsXrwEHnJ","Sunday Morning","The Velvet Underground, Nico","The Velvet Underground & Nico 45th Anniversary","1967-03-12","175893"
"spotify:track:37CRPk0L5ZpfPeePEPwE0t","Ashes to Ashes - 2017 Remaster","David Bowie","Scary Monsters (And Super Creeps) [2017 Remaster]","1980","266160"
"spotify:track:1vP2JEXRsGrFbwOZ0foOQ5","Sound and Vision - 2017 Remaster","David Bowie","Low (2017 Remaster)","1977","184381"
"spotify:track:4QlzkaRHtU8gAdwqjWmO8n","Friday I'm In Love","The Cure","Wish","1992-04-20","215160"
"spotify:track:2udGjDmpK1dH9VGyw7nrei","Cocaine","Eric Clapton","Slowhand 35th Anniversary","1977-11-01","221640"
"spotify:track:5QO79kh1waicV47BqGRL3g","Save Your Tears","The Weeknd","After Hours","2020-03-20","215626"
"spotify:track:5itOtNx0WxtJmi1TQ3RuRd","Giant (with Rag'n'Bone Man)","Calvin Harris, Rag'n'Bone Man","Giant (with Rag'n'Bone Man)","2019-01-11","229184"
"spotify:track:0WuWrW1N8ofJBjM5ZHkFjH","La Mar (The Ocean)","The Beautiful Girls","Learn Yourself","2003-09-22","237840"
"spotify:track:6k1I9gABiasGZiWWAosAEb","Strong","London Grammar","If You Wait (Deluxe Version)","2013-01-01","275440"
"spotify:track:0I3q5fE6wg7LIfHGngUTnV","Ms. Jackson","Outkast","Stankonia","2000-10-31","270506"
"spotify:track:0j3p1p06deJ7f9xmJ9yG22","Back In The U.S.S.R. - Remastered 2009","The Beatles","The Beatles (Remastered 2009)","1968-11-22","163453"
"spotify:track:2BJy5YrRMhVCqaLNY5cbv2","Free","Donavon Frankenreiter","Donavon Frankenreiter","2004-01-01","148600"
"spotify:track:6jHvX8ZnHKC1PnrPMJ0Emt","Cigarette Daydreams","Cage The Elephant","Melophobia","2013-10-08","208760"
"spotify:track:0tgBtQ0ISnMQOKorrN9HLX","Last Train Home","John Mayer","Sob Rock","2021-07-16","187306"
"spotify:track:5geAnlK4PDjZQydQwNPKEl","Japanese Squeeze","Sashamon","One Day Maybe","2009-01-01","244000"
"spotify:track:7x8OcAzBWvSgw4TBqBeAHM","Forever","Ben Harper","Welcome To The Cruel World","1994-01-01","204360"
"spotify:track:5oLOgSExVFBBzYTXVblcwu","Mr Tembo","Damon Albarn","Everyday Robots","2014-04-21","223840"
"spotify:track:7vxlM6ouhpJy5WMEZqU7vV","Going Inside","John Frusciante","To Record Only Water For Ten Days (U.S. Version)","2001-02-12","215400"
"spotify:track:01qJhVPCHFFR6wJ5ptyw17","Roscoe","Midlake","The Trials of Van Occupanther","2006-07-25","286880"
"spotify:track:0yN8i2A1skYDKPzaw1CtSh","Shiny Soul","Fuel Fandango","Fuel Fandango","2011-06-07","315173"
"spotify:track:64Grv2DLJ6gOn5cVVsREYJ","Wonders Never Cease","Morcheeba","The Antidote","2005-05-09","253146"
"spotify:track:02dRkCEc8Q5ch4TTcnLxOn","Nothing Breaks Like a Heart (feat. Miley Cyrus)","Mark Ronson, Miley Cyrus","Late Night Feelings","2019-06-21","217099"
"spotify:track:4ig58RE2nh8nk8KJNslP7g","The Power","Duke Dumont, Zak Abel","Duality","2020-04-17","197449"
"spotify:track:0csz09qS2n8Jo7LogHKu7j","Tondo","Disclosure, Eko Roosevelt","ENERGY (Deluxe)","2020-08-28","329280"
"spotify:track:37BZB0z9T8Xu7U3e65qxFy","Save Your Tears (with Ariana Grande) (Remix)","The Weeknd, Ariana Grande","Save Your Tears (Remix)","2021-04-23","191013"
"spotify:track:21jGcNKet2qwijlDFuPiPb","Circles","Post Malone","Hollywood's Bleeding","2019-09-06","215280"
"spotify:track:2cY1XfMsEkNemJ8ECmn0Cs","Something's Got To Give","Labrinth","Imagination & the Misfit Kid","2019-11-21","230000"
"spotify:track:5hM5arv9KDbCHS0k9uqwjr","Borderline","Tame Impala","The Slow Rush","2020-02-14","237800"
"spotify:track:2u8NmvhYX6wiviyxJTOhEi","Making A Fire","Foo Fighters","Medicine At Midnight","2021-02-05","255112"
"spotify:track:5UWwZ5lm5PKu6eKsHAGxOk","Everlong","Foo Fighters","The Colour And The Shape","1997-05-20","250546"
"spotify:track:5XUpAb2zC8G404RPkwb09H","Alone + Easy Target","Foo Fighters","Foo Fighters","1995-07-04","245666"
"spotify:track:5TOYgNohZAFEPOtnchPhZS","Arlandria","Foo Fighters","Wasting Light","2011-04-12","267445"
"spotify:track:2kh0u2d2YKQ7BCqeLPdHk6","Breakout","Foo Fighters","There Is Nothing Left To Lose","1999-11-02","200800"
"spotify:track:67vYdAAM3oGsEImCRfbtsF","Times Like These","Foo Fighters","One By One (Expanded Edition)","2002-10-22","265560"
"spotify:track:5bVOX6eyHsML2sB4aMlZEi","Malibu","Hole","Celebrity Skin","1998-01-01","230040"
"spotify:track:3zzZVLdBKRW8JH7GhFPyvu","Hold On","Alabama Shakes","Boys & Girls","2012-04-09","226186"
"spotify:track:5idVbYWHOBsFktyGq9KhkL","Bloodbuzz Ohio","The National","High Violet","2010-05-10","275933"
"spotify:track:6FvtSHS3hzjS8itHJPRzoJ","Diamonds On The Inside","Ben Harper","Diamonds On The Inside","2003-01-01","266906"
"spotify:track:0kHwTHf8ye0mSd66pwcrEN","How You Like Me Now","The Heavy","The House That Dirt Built","2009-10-05","217493"
"spotify:track:07AjyDeE85pDr4Dj8BzgWB","I'm Shakin'","Jack White","Blunderbuss","2012-04-20","180173"
"spotify:track:7aB9V1AfdHhdONxii7njJ9","Books From Boxes","Maximo Park","Our Earthly Pleasures","2007-04-01","208653"
"spotify:track:6mSkYcnyvntZVVb3uOVt9W","Midnight","Red Hot Chili Peppers","By the Way","2002-07-09","295573"
"spotify:track:4jWtqHOLwFoXMsXtlnBK7v","The Last High","The Dandy Warhols","Welcome To The Monkey House","2003-01-01","286653"
"spotify:track:2co8fDyaVmxv8xruQWORnC","Road to Nowhere - 2005 Remaster","Talking Heads","Little Creatures","1985-07-10","260213"
"spotify:track:3NA45jwwGH28LsHthauYK0","Save A Prayer","Eagles Of Death Metal","Zipper Down","2015-10-02","280466"
"spotify:track:2W58wKH0UciMzGl7Ot19DY","Scream (Funk My Life Up)","Paolo Nutini","Caustic Love","2014-04-07","189566"
"spotify:track:0NslHuacjxQYfUTOW3HCIV","New Slang - 2021 Remaster","The Shins","Oh, Inverted World (20th Anniversary Remaster)","2001-06-19","230866"
"spotify:track:0SbB0skzMpFnuwlOCJt9c4","Hard Drive Gold","alt-J","Hard Drive Gold","2022-01-05","158480"
"spotify:track:0fO2kAEmk9yynS5f8gENzs","Ocean Spray","Manic Street Preachers","Know Your Enemy","2001-03-19","251800"
"spotify:track:6mN3IWWyK9sDdUUTgO91Wy","Fallout Today","Eddie Vedder","Earthling","2022-02-11","200395"
"spotify:track:6inBJlHAP6Wd3ZCMTS4KTg","Long Way","Eddie Vedder","Earthling","2022-02-11","285452"
"spotify:track:1cRFPHio5Jhj9DSBNSi229","U&ME","alt-J","Hard Drive Gold","2022-01-05","198840"
"spotify:track:5uvosCdMlFdTXhoazkTI5R","Light My Fire","The Doors","The Doors","1967-01-04","429760"
"spotify:track:1ntxpzIUbSsizvuAy6lTYY","Crosstown Traffic","Jimi Hendrix","Electric Ladyland","1968-10-25","146573"
"spotify:track:5AJrhrwz4oSZX2PwwV4qrN","Time of the Season - Mono Version","The Zombies","Odessey and Oracle","1968-04-19","214026"
"spotify:track:3SQeF7y4ZKFaHiLkfw6CnW","Brother the Cloud","Eddie Vedder","Earthling","2022-02-11","262224"
"spotify:track:14UCEsT0Ix675k74nVkTjP","My Friend John","The Fratellis","Here We Stand (other BPs international)","2008-01-01","182373"
"spotify:track:4VnqpGitjmsIRNCnonQMzi","The Heavy Wing","Red Hot Chili Peppers","Unlimited Love","2022-04-01","331424"
"spotify:track:6W8HciAGI3Rsqg8ZnXAU9X","Central","John Frusciante","The Empyrean","2009","437240"
"spotify:track:1OxcIUqVmVYxT6427tbhDW","Fly Away","Lenny Kravitz","5","1998-05-12","221332"
"spotify:track:3EDbqYLrCNBP7J2CqcMPZO","The Power","Duke Dumont, Zak Abel","The Power","2019-08-09","197449"
"spotify:track:35LDid9nvuYrUyZk5qGD0i","Belief","John Mayer","Continuum","2006-09-11","242360"
"spotify:track:0AyGMw9WRfoQjHukIz2dv1","It Hurts Me Too - Live at Shoreline Amphitheatre, Mountain View, CA, 5/31/2019","Dead & Company","Shoreline Amphitheatre, Mountain View, CA, 5/31/2019 (Live)","2020-05-29","305880"
"spotify:track:47LTRf7rCzT9x2ft4nMDMw","Cold Rain and Snow - Live at Playing In The Sand, Riviera Maya, MX 2/17/18","Dead & Company","Playing In The Sand, Riviera Maya, 2/17/18 (Live)","2019-01-10","605547"
"spotify:track:3vuQW8QuziLIwpftd98bh2","Black Muddy River - Live at Spectrum Center, Charlotte, NC 11/28/17","Dead & Company","Spectrum Center, Charlotte, NC 11/28/17 (Live)","2019-02-01","481086"
"spotify:track:2takcwOaAZWiXQijPHIx7B","Time is Running Out","Muse","Absolution","2004-03-23","237039"
"spotify:track:34dvY2nSoUfr9hL9fiH3H4","Hell in a Bucket - Live at the Grand Moon Palace, Cancún, MX, 1/16/2020","Dead & Company","Playing in the Sand, The Grand Moon Palace, Cancún, MX, 1/16/20 (Live)","2021-01-29","579936"
"spotify:track:5GEs6KYkV9bzN4HZr6rcRQ","Happiness","Jonathan Jeremiah","A Solitary Man","2011","181640"
"spotify:track:4jmwrforqDiwPyUkbegXHZ","The Fallen","Franz Ferdinand","You Could Have It So Much Better","2005-10-03","222400"
"spotify:track:0HWz4W8KdGYhfP7SCoc1CW","Music","The Beautiful Girls","Learn Yourself","2003-09-22","211733"
"spotify:track:0MbqHR99kNqNrW3vCmSBRo","One Step Ahead","Jack Johnson","One Step Ahead","2022-04-08","191647"
"spotify:track:5LzHQ5aVYK828HIWcnralK","Everything You're Breathing For","The Parlor Mob","And You Were A Crow","2008-04-11","226853"
"spotify:track:1Qdnvn4XlmZANCVy3XjrQo","Show Me How to Live","Audioslave","Audioslave","2002-11-17","277840"
"spotify:track:2ExdbieQffMXpY7ygN2YN9","Multicolor","Son Mieux","Multicolor","2022-04-15","208680"
"spotify:track:5qaEfEh1AtSdrdrByCP7qR","Demons","Imagine Dragons","Night Visions","2012-09-04","177506"
"spotify:track:73NbHgUZ51H65Bfo2HFKUi","Whatever It Takes","Imagine Dragons","Evolve","2017-06-23","201240"
"spotify:track:6kopmMZiyLmw7h66uXcXR7","Valerie (feat. Amy Winehouse) - Version Revisited","Mark Ronson, Amy Winehouse","Version","2007-04-16","219413"
"spotify:track:35b08f3X5XiuTV0oJHZB9g","Club Foot","Kasabian","Kasabian/Empire","2004","215360"
"spotify:track:5CbxaXG0umcxh5ageamzYT","Won’t Stand Down","Muse","Kill Or Be Killed","2022-07-21","209061"
"spotify:track:74RKxVxJSh54RBZfX6y4GY","Only The Ocean","Jack Johnson","To The Sea","2010-01-01","219920"
"spotify:track:6uIxjamQaUN1445l04bm8G","Tape Deck","Jack Johnson","From Here To Now To You","2013-01-01","201226"
"spotify:track:6jwE5S7xZ4G2CiisKz7NM1","Run On - 2014 Remastered Version","Moby","Play (2014 Remastered Version)","1999-05-17","225506"
"spotify:track:4Hff1IjRbLGeLgFgxvHflk","DARE (feat. Shaun Ryder & Roses Gabor)","Gorillaz, Shaun Ryder, Roses Gabor","Demon Days","2005-05-23","244999"
"spotify:track:13P8g1FEZ29RxpDUpdf8yq","Elephants","Blaudzun","Heavy Flowers","2012-01-09","214706"
"spotify:track:5zWUPmxHV2SlneROGBg651","Ride","The Vines","Winning Days","2004-01-01","156213"
"spotify:track:1pHP4JeQV9wDx87D6qH9hD","Here It Goes Again","OK Go","Oh No","2005-01-01","179813"
"spotify:track:3Am4yxuwBTorY6kaqX31zE","40'","Franz Ferdinand","Franz Ferdinand","2004-02-16","204266"
"spotify:track:57G7lP5rXEHBJ5nF23ew5f","Dissolve Me","alt-J","An Awesome Wave","2012-05-28","239013"
"spotify:track:0xm5VOuN5htLxUoPaOC16f","Shake and Tremble","Django Django","Born Under Saturn","2015-05-04","259216"
"spotify:track:2BkXpZSvPoUDMLI2Xw9kAL","Instant Karma! (We All Shine On) - Remastered 2010","John Lennon, Yoko Ono","Signature Box","2010-10-05","200653"
"spotify:track:3OCnLXG4Kh7ZBa44rRuKPg","Bullets","Tunng","Good Arrows","2007-08-19","358546"
"spotify:track:6SXy02aTZU3ysoGUixYCz0","Maybe Tomorrow","Stereophonics","You Gotta Go There To Come Back","2003-01-01","272946"
"spotify:track:6nek1Nin9q48AVZcWs9e9D","Paradise","Coldplay","Mylo Xyloto","2011-10-24","278719"
"spotify:track:69dDr3w8IIcOGKwlW5XntT","Keep It Loose, Keep It Tight","Amos Lee","Amos Lee","2005-01-01","188080"
"spotify:track:59WN2psjkt1tyaxjspN8fp","Killing In The Name","Rage Against The Machine","Rage Against The Machine - XX (20th Anniversary Special Edition)","1992","313573"
"spotify:track:4ot2J01kYjDl6jbv5EWrPW","People Should Smile More","Newton Faulkner","Hand Built By Robots","2007-07-30","209053"
"spotify:track:5lRzWDEe7UuedU2QPsFg0K","The Funeral","Band of Horses","Everything All The Time","2006-03-21","322173"
"spotify:track:7nnWIPM5hwE3DaUBkvOIpy","Drive","Incubus","Make Yourself","1999-10-26","232453"
"spotify:track:3JvMig6Sc8XRLqHseNsccM","The Wizard","Black Sabbath","Black Sabbath (2009 Remastered Version)","1970-02-13","260640"
"spotify:track:6tCLQ3LO1V9l6qdrrwdV6q","My Silver Lining","First Aid Kit","Stay Gold","2014-06-03","215493"
"spotify:track:0VNgwKioO0om8n9R3oBoIj","Pretty Little Ditty - Remastered 2003","Red Hot Chili Peppers","Mother's Milk","1989-08-16","187813"
"spotify:track:4UshS2R3hNsOrVtxlDF7cx","Do Not Claim Them Anymore","Balthazar","Rats","2012-10-15","237740"
"spotify:track:7kbOroxknznMU4k7MaWnZ4","He's Frank - Slight Return","The BPA, Fatboy Slim, Iggy Pop","He's Frank (Slight Return)","2009-03-08","197013"
"spotify:track:74HRhFZ95KSOTmufQYwBKx","Unchanging","John Frusciante","The Will To Death","2004-06-22","234026"
"spotify:track:6hnFhdBY96Y1w9dw3h5gH8","Opportunity","Pete Murray","See The Sun","2005-09-25","217000"
"spotify:track:2vDW5s3RpQNJp9gkhMB1da","Better Days","Pete Murray","See The Sun","2006-08-19","223040"
"spotify:track:3KiMCMGSjCI9QJPv7wNRi0","Security","Pete Murray","See The Sun","2006-08-19","219160"
"spotify:track:203c3jfQ4JZn1BBfXG84I4","An Honest Mistake","The Bravery","The Bravery","2005-03-14","219706"
"spotify:track:18qnQ5gwcAEOrydnYz6jOM","You Aint No Good","The Bamboos","4","2010-03-29","213080"
"spotify:track:2yYYWuHZKQKek7w7wU3r1s","Dirtbag - SOMMERS UK Remix Radio Edit","Brad Sucks, SOMMERS (UK)","Dirtbag (SOMMERS UK Remix)","2022-10-28","248000"
"spotify:track:1U7axIpxnYI2CrZSYGSQFb","Zorbing","Stornoway","Beachcomber's Windowsill","2010-05-24","209360"
"spotify:track:6hADH7b57N5666cGv624vg","Right Action","Franz Ferdinand","Right Thoughts, Right Words, Right Action (Deluxe Edition)","2013-08-26","182280"
"spotify:track:0VVGfIeLdYOu7QQqekDBZT","Nightclub","Balthazar","Thin Walls","2015-03-30","177226"
"spotify:track:10YGSqXSKL5g6VmXiuSdd2","I Turn My Camera On","Spoon","Gimme Fiction (Deluxe Edition)","2005","212106"
"spotify:track:6CDzDgIUqeDY5g8ujExx2f","Heat Waves","Glass Animals","Heat Waves","2020-06-29","238805"
"spotify:track:5Xak5fmy089t0FYmh3VJiY","Black","Pearl Jam","Ten","1991-08-27","342653"
"spotify:track:260Ub1Yuj4CobdISTOBvM9","Wet Dream","Wet Leg","Wet Leg","2022-04-08","140080"
"spotify:track:3EwTIu5qka2l5ZekB0b6QC","Angelica","Wet Leg","Wet Leg","2022-04-08","232320"
"spotify:track:0s8VQD7I3bgDhzY6S9aaCY","Summertime Boy","Seasick Steve","Sonic Soul Surfer (Deluxe)","2015-03-23","235640"
"spotify:track:4mPiTSD96K4Dha1irhqpW3","Bend & Break","Keane","Hopes And Fears","2004-05-10","220133"
"spotify:track:5kFWp8In0sIpeXPfPuJlYE","Roulette","Red Hot Chili Peppers","Return of the Dream Canteen","2022-10-14","297105"
"spotify:track:2ZCcF3Bfr7N4MzLgZmk3HT","Less","The Beautiful Girls","Learn Yourself","2003-09-22","142186"
"spotify:track:4JM1sDnYLY1cwlcpy3lgfQ","Lovestain","José González","Veneer","2003","137213"
"spotify:track:4bHsxqR3GMrXTxEPLuK5ue","Don't Stop Believin'","Journey","Escape (Bonus Track Version)","1981","250986"
"spotify:track:5veJDT0MLsLbhYsx42GXUD","Don't Stand So Close To Me","The Police","Zenyatta Mondatta (Remastered 2003)","1980-10-03","242666"
"spotify:track:3OVCl136fKgsq13GNqPypt","Already Over (Live in London)","Mike Shinoda","Already Over (Live in London)","2024-01-05","160365"
"spotify:track:2a1iMaoWQ5MnvLFBDv4qkf","High and Dry","Radiohead","The Bends","1995-03-13","257480"
"spotify:track:4dr5sJ1p6mdNpK3fIUz8vR","Oats In The Water","Ben Howard","The Burgh Island EP","2012-01-01","299381"
"spotify:track:6tNQ70jh4OwmPGpYy6R2o9","Beautiful Things","Benson Boone","Beautiful Things","2024-01-18","180304"
"spotify:track:0itNMuBHye9fu392b4e9oa","Tell Me Baby","Red Hot Chili Peppers","Stadium Arcadium","2006-05-09","247666"
"spotify:track:76Je5Wklky23mVoxiRszcN","Walk","Foo Fighters","Wasting Light","2011-04-12","257376"
"spotify:track:3NRf3hwlsoUWe0YnN3jqWL","Cast No Shadow - Remastered","Oasis","(What's The Story) Morning Glory? (Deluxe Remastered Edition)","1995","294813"
"spotify:track:6R1y3I91AIktu7qoKIugtH","Play God","Sam Fender","Hypersonic Missiles","2019-09-13","225600"
"spotify:track:2nD9CUfMMUVxL0UyFs8fGG","Pistol","Cigarettes After Sex","Pistol","2022-11-15","234174"
"spotify:track:2VrJMuLt2m9HbifGrKWHqk","New Born","Muse","Origin of Symmetry","2001","363266"
"spotify:track:5PK1JCSdr34gWgzYHgt3Jq","Feeling Good","Muse","Origin of Symmetry","2001","198800"
"spotify:track:0Tr5G2mE56eLUGvCaXRM8I","No Good","KALEO","A/B","2016-06-10","234240"
"spotify:track:7GD3ZLBY6DCVavC21MYAqF","Tu Te Vas","Manu Chao, Laeti","Viva Tu","2024-09-20","205839"
"spotify:track:7kAzt3TcptRtX8vd5deWd9","40 Day Dream - 2019 Remaster","Edward Sharpe & The Magnetic Zeros","Up From Below - 10th Anniversary Edition","2009-07-07","232690"
"spotify:track:2zKoA5gp5Xaw3mrp45XIrR","The Wolves","Ben Howard","Every Kingdom","2011-01-01","309346"
"spotify:track:4WMuY659P2MKnoW40oGXe8","Purple Yellow Red and Blue","Portugal. The Man","Evil Friends","2013-05-31","249746"
"spotify:track:6oRFmBb9C6i3GgDpI9a9Uv","Wildfire","Jack Jarryd","Wildfire","2025-02-28","181785"
"spotify:track:2EUp86hKB1fsdr3Mf5y2dN","V.I.S.","Portugal. The Man","V.I.S.","2025-04-25","225053"
"spotify:track:1EmimnysAUBhiy8rDbNN01","Default","Django Django","Django Django","2012-01-30","185640"
"spotify:track:4r0mdBEiLjPOBMLtNBMVgx","Abrasive","Ratatat","Magnifique","2015-07-17","256808"
"spotify:track:3udtdUUDUFXIxjasrblplu","Life's a Beach","Django Django","Django Django","2012-01-30","185613"
"spotify:track:6qZjm61s6u8Ead9sWxCDro","Elephant","Tame Impala","Lonerism","2012-01-01","211226"
"spotify:track:0Rqwa6i410IwhTiugt6vXi","Islands","The xx","xx","2009-08-16","160720"
"spotify:track:4xlEKYv7HmC8zXoJIbpZKM","Steady, As She Goes","The Raconteurs","Broken Boy Soldiers","2006-05-15","215266"
"spotify:track:26QKxvjlCo2fSd3T4c8Zpb","Heart of Gold","Neil Young","Harvest (50th Anniversary Edition)","1972-02-01","187110"
"spotify:track:2PpruBYCo4H7WOBJ7Q2EwM","Hey Ya!","Outkast","Speakerboxxx/The Love Below","2003","235213"
"spotify:track:6ToM0uwxtPKo9CMpbPGYvM","Break on Through (To the Other Side)","The Doors","The Doors","1967-01-04","145866"
"spotify:track:7ssQxOFhJk4RGqTobVfjPN","I Love You All The Time","Eagles Of Death Metal","Zipper Down","2015-10-02","189706"
"spotify:track:3CAX47TnPqTujLIQTw8nwI","Old Pine","Ben Howard","Every Kingdom","2011-01-01","328506"
"spotify:track:5UBBJnFxsfjFxfrtvErQoH","Crystalised","The xx","xx","2009-08-16","201946"
"spotify:track:1ZLroqJA8qoS5QEeCo0fA7","Breezeblocks","alt-J","An Awesome Wave","2012-05-28","227080"
"spotify:track:77xZFu9TwwYnX7JNWfbavn","Matilda","alt-J","An Awesome Wave","2012-05-28","228706"
"spotify:track:7g4DqXfKdAJN9CWkAwdDqp","I Will Wait","Mumford & Sons","Babel","2012-11-16","276720"
"spotify:track:6Qn5zhYkTa37e91HC1D7lb","Whatever It Takes","Imagine Dragons","Evolve","2017-06-23","201240"
"spotify:track:5UqHgJxYCMQraYuqeEOvtr","Something Good","alt-J","An Awesome Wave","2012-05-28","218240"
"spotify:track:2RXVCRdSkFbNcQfTjgiDwL","Tessellate","alt-J","An Awesome Wave","2012-05-28","182666"
"spotify:track:5qJqzpNdEbt92roedFwoDR","Left Hand Free","alt-J","This Is All Yours","2014-09-22","173630"
"spotify:track:7Kl5wPMTXal1ZUMqSSKVa0","U&ME","alt-J","The Dream","2022-02-11","198840"
"spotify:track:26JGATuL9PiVya5TjNAsCe","Deadcrush","alt-J","RELAXER","2017-06-02","232013"
"spotify:track:3R0aGgSQNVSPk0hDLTGwS3","Taro","alt-J","An Awesome Wave","2012-05-28","314986"
"spotify:track:3qVKp0bGG2uEkrkMOtwb5F","Fitzpleasure","alt-J","An Awesome Wave","2012-05-28","219400"
"spotify:track:54bO2CHOgGN44oWmAqib0I","Gold on the Ceiling - 2021 Remaster","The Black Keys","El Camino (2021 Remaster)","2011","224490"
"spotify:track:25YlltWXRb9k7KbrEBRuhJ","Lo/Hi","The Black Keys","""Let's Rock""","2019-06-28","177768"
"spotify:track:7hB6SkmugPK198kpgxDkDA","Outsiders","Franz Ferdinand","You Could Have It So Much Better","2005-10-03","242706"
"spotify:track:24AFErHUiORpll04wrR6u4","Eleanor Put Your Boots On","Franz Ferdinand","You Could Have It So Much Better","2005-10-03","169933"
"spotify:track:645gHNnSrcAqTez83xRmtB","Fresh Strawberries","Franz Ferdinand","Right Thoughts, Right Words, Right Action","2013-08-26","201480"
"spotify:track:5dpGwO76CAPXE2ReVxwI6r","Love Illumination","Franz Ferdinand","Right Thoughts, Right Words, Right Action","2013-08-26","224266"
"spotify:track:3qLZ866ZfaK0B0R5FIqXLG","She Sells Sanctuary","The Cult","Love","1985-10-18","252533"
"spotify:track:39eHoEHyhm6bHC6AZ4gV8T","Madder Red","Yeasayer","Odd Blood","2010-02-09","243613"
"spotify:track:53OqecARVvVCUTjL1yg0sq","Audacious","Franz Ferdinand","Audacious","2024-09-11","203692"
"spotify:track:1r1fPuhj9H4VdXr7OK6FL5","CASTLE OF GLASS","Linkin Park","LIVING THINGS","2012-06-19","205400"
"spotify:track:1TDk2Jmi4dVZhm2dum3Jim","Cochise","Audioslave","Audioslave","2002-11-17","222026"
"spotify:track:2fXKyAyPrEa24c6PJyqznF","Common People - Full Length Version","Pulp","Different Class","1995-10-30","351626"
"spotify:track:45AQ5zbSJ0j1nM9daSWeq8","Little By Little","Oasis","Heathen Chemistry","2002-07-01","292853"
"spotify:track:5OWsea313ovaQoXvsgWq79","Whatever - Remastered","Oasis","Definitely Maybe (Deluxe Edition Remastered)","1994","382266"
"spotify:track:1H0K1GVwLteCZrPquy7qkM","Morning Glory - Remastered","Oasis","(What's The Story) Morning Glory? (Deluxe Remastered Edition)","1995","303320"
"spotify:track:1A8SxnqRK3qabmuN2qxIpa","Spaceman","The Killers","Day & Age (Bonus Tracks)","2008-11-18","284546"
"spotify:track:7KcmRMKbLdq4bo10gyQNZ5","The Wolf","Mumford & Sons","Wilder Mind","2015-05-04","221223"
"spotify:track:365TSrFPqM66giaxJuafR3","Shine A Little Light","The Black Keys","""Let's Rock""","2019-06-28","196776"
"spotify:track:0Ui05Ov0s4PnRc4JI3Pilg","My Favourite Game","The Cardigans","Gran Turismo (Remastered)","1998-01-01","220467"
"spotify:track:1tOcaHxlbnUimlop3uFZOP","Shane","Fruit Bats","Shane","2020-04-15","221326"
"spotify:track:16Ec60arezvA8CDq1NvzZg","We Be Burnin'","Sean Paul","The Trinity","2005-09-27","215213"
"spotify:track:4juzduULFJiZVIcrC1tkxE","Banquet","Bloc Party","Silent Alarm","2005-02-02","201360"
"spotify:track:22sS7JkzeVeq4vOPCB6Fbj","Someone New","Hozier","Hozier","2014-09-19","222813"
"spotify:track:56GFlp1dkt7dw56pQdTwqW","Red Light Indicates Doors Are Secured","Arctic Monkeys","Whatever People Say I Am, That's What I'm Not","2006-01-29","143626"
"spotify:track:63SevszngYpZOwf63o61K4","Nevermind","Dennis Lloyd","Nevermind","2017-06-30","156600"
"spotify:track:5DiXcVovI0FcY2s0icWWUu","Mr. Jones","Counting Crows","August And Everything After","1993-09-14","272293"
"spotify:track:4gs07VlJST4bdxGbBsXVue","Heartbreak Warfare","John Mayer","Battle Studies","2009-11-16","269720"
